Customer ID,Age,Gender,Item Purchased,Category,Purchase Amount (USD)
1,55,Male,Blouse,Clothing,53
2,19,Male,Sweater,Clothing,64
3,50,Male,Jeans,Clothing,73
4,21,Male,Sandals,Footwear,90
5,45,Male,Blouse,Clothing,49
6,46,Male,Sneakers,Footwear,20
7,63,Male,Shirt,Clothing,85
8,27,Male,Shorts,Clothing,34
9,26,Male,Coat,Outerwear,97
10,57,Male,Handbag,Accessories,31
11,53,Male,Shoes,Footwear,34
12,30,Male,Shorts,Clothing,68
13,61,Male,Coat,Outerwear,72
14,65,Male,Dress,Clothing,51
15,64,Male,Coat,Outerwear,53
16,64,Male,Skirt,Clothing,81
17,25,Male,Sunglasses,Accessories,36
18,53,Male,Dress,Clothing,38
19,52,Male,Sweater,Clothing,48
20,66,Male,Pants,Clothing,90
21,21,Male,Pants,Clothing,51
22,31,Male,Pants,Clothing,62
23,56,Male,Pants,Clothing,37
24,31,Male,Pants,Clothing,88
25,18,Male,Jacket,Outerwear,22
26,18,Male,Hoodie,Clothing,25
27,38,Male,Jewelry,Accessories,20
28,56,Male,Shorts,Clothing,56
29,54,Male,Handbag,Accessories,94
30,31,Male,Dress,Clothing,48
31,57,Male,Jewelry,Accessories,31
32,33,Male,Dress,Clothing,79
33,36,Male,Jacket,Outerwear,67
34,54,Male,Pants,Clothing,38
35,36,Male,T-shirt,Clothing,91
36,54,Male,Blouse,Clothing,33
37,35,Male,T-shirt,Clothing,69
38,35,Male,Jeans,Clothing,45
39,29,Male,Dress,Clothing,37
40,70,Male,Pants,Clothing,60
41,69,Male,Handbag,Accessories,76
42,67,Male,Scarf,Accessories,39
43,20,Male,Coat,Outerwear,100
44,25,Male,Scarf,Accessories,69
45,39,Male,Hat,Accessories,53
46,50,Male,Socks,Clothing,21
47,57,Male,Shirt,Clothing,43
48,55,Male,Jewelry,Accessories,54
49,42,Male,Shirt,Clothing,55
50,68,Male,Hoodie,Clothing,30
51,49,Male,Blouse,Clothing,28
52,59,Male,Skirt,Clothing,59
53,42,Male,T-shirt,Clothing,20
54,29,Male,Skirt,Clothing,24
55,47,Male,Coat,Outerwear,94
56,40,Male,Jacket,Outerwear,28
57,41,Male,Backpack,Accessories,73
58,21,Male,Coat,Outerwear,64
59,69,Male,Hoodie,Clothing,54
60,63,Male,Belt,Accessories,79
61,50,Male,Sweater,Clothing,37
62,55,Male,Scarf,Accessories,68
63,30,Male,Sneakers,Footwear,21
64,33,Male,Sunglasses,Accessories,79
65,65,Male,Boots,Footwear,83
66,65,Male,Backpack,Accessories,36
67,31,Male,Blouse,Clothing,94
68,45,Male,Coat,Outerwear,33
69,57,Male,Handbag,Accessories,46
70,48,Male,Belt,Accessories,70
71,22,Male,Belt,Accessories,29
72,36,Male,Dress,Clothing,48
73,18,Male,Dress,Clothing,26
74,48,Male,Pants,Clothing,85
75,49,Male,Gloves,Accessories,58
76,64,Male,Scarf,Accessories,85
77,50,Male,Hat,Accessories,43
78,22,Male,Dress,Clothing,53
79,50,Male,Skirt,Clothing,91
80,38,Male,Jacket,Outerwear,96
81,19,Male,Sandals,Footwear,72
82,67,Male,Shoes,Footwear,96
83,19,Male,Pants,Clothing,28
84,36,Male,Dress,Clothing,40
85,52,Male,Coat,Outerwear,32
86,53,Male,Sunglasses,Accessories,95
87,24,Male,Hoodie,Clothing,41
88,52,Male,Shoes,Footwear,53
89,33,Male,T-shirt,Clothing,47
90,47,Male,Jacket,Outerwear,83
91,25,Male,Hat,Accessories,48
92,44,Male,Scarf,Accessories,99
93,61,Male,Jacket,Outerwear,87
94,37,Male,Sweater,Clothing,62
95,58,Male,Skirt,Clothing,76
96,37,Male,Sneakers,Footwear,100
97,32,Male,Gloves,Accessories,73
98,21,Male,Shoes,Footwear,92
99,20,Male,Jeans,Clothing,67
100,26,Male,Hoodie,Clothing,40
101,62,Male,Sunglasses,Accessories,98
102,27,Male,Coat,Outerwear,85
103,51,Male,Socks,Clothing,67
104,54,Male,Boots,Footwear,89
105,55,Male,Sunglasses,Accessories,24
106,69,Male,Backpack,Accessories,96
107,64,Male,Jacket,Outerwear,35
108,28,Male,Sneakers,Footwear,67
109,70,Male,Socks,Clothing,79
110,58,Male,T-shirt,Clothing,85
111,56,Male,Backpack,Accessories,26
112,26,Male,Belt,Accessories,75
113,37,Male,Gloves,Accessories,65
114,44,Male,Hat,Accessories,54
115,70,Male,Coat,Outerwear,95
116,53,Male,Skirt,Clothing,94
117,55,Male,Shoes,Footwear,86
118,50,Male,Sandals,Footwear,32
119,50,Male,Sweater,Clothing,45
120,38,Male,Coat,Outerwear,76
121,64,Male,Hat,Accessories,84
122,19,Male,Shorts,Clothing,72
123,40,Male,Backpack,Accessories,40
124,57,Male,Sweater,Clothing,89
125,44,Male,Sweater,Clothing,86
126,49,Male,Shorts,Clothing,54
127,43,Male,Shorts,Clothing,36
128,24,Male,Sweater,Clothing,89
129,20,Male,Scarf,Accessories,32
130,24,Male,Dress,Clothing,67
131,44,Male,Scarf,Accessories,39
132,28,Male,Skirt,Clothing,29
133,30,Male,Backpack,Accessories,58
134,52,Male,Sweater,Clothing,65
135,43,Male,Hat,Accessories,94
136,43,Male,Sandals,Footwear,81
137,39,Male,Blouse,Clothing,86
138,68,Male,Sneakers,Footwear,43
139,68,Male,Skirt,Clothing,29
140,49,Male,Coat,Outerwear,95
141,63,Male,Shirt,Clothing,28
142,56,Male,Gloves,Accessories,46
143,37,Male,Jacket,Outerwear,58
144,30,Male,Coat,Outerwear,48
145,19,Male,Shoes,Footwear,43
146,24,Male,Jewelry,Accessories,95
147,52,Male,Skirt,Clothing,30
148,63,Male,Shoes,Footwear,64
149,37,Male,Gloves,Accessories,90
150,38,Male,Pants,Clothing,76
151,35,Male,Boots,Footwear,96
152,28,Male,Sunglasses,Accessories,47
153,30,Male,Shirt,Clothing,85
154,69,Male,Hoodie,Clothing,55
155,41,Male,Dress,Clothing,98
156,63,Male,Socks,Clothing,77
157,35,Male,Shorts,Clothing,26
158,36,Male,Hat,Accessories,68
159,25,Male,Shirt,Clothing,73
160,58,Male,Gloves,Accessories,27
161,27,Male,Gloves,Accessories,23
162,65,Male,Backpack,Accessories,49
163,54,Male,Sunglasses,Accessories,74
164,54,Male,Skirt,Clothing,67
165,59,Male,Handbag,Accessories,65
166,42,Male,Handbag,Accessories,60
167,46,Male,Sneakers,Footwear,31
168,33,Male,Gloves,Accessories,27
169,34,Male,Shoes,Footwear,80
170,27,Male,Jacket,Outerwear,30
171,52,Male,Shirt,Clothing,25
172,29,Male,Shorts,Clothing,35
173,54,Male,Jewelry,Accessories,67
174,25,Male,Hat,Accessories,46
175,41,Male,Shoes,Footwear,35
176,53,Male,Coat,Outerwear,86
177,53,Male,Backpack,Accessories,81
178,21,Male,Hoodie,Clothing,42
179,61,Male,Skirt,Clothing,43
180,64,Male,Boots,Footwear,31
181,51,Male,Sandals,Footwear,81
182,32,Male,Pants,Clothing,61
183,38,Male,Gloves,Accessories,96
184,58,Male,Skirt,Clothing,29
185,32,Male,Sneakers,Footwear,33
186,46,Male,T-shirt,Clothing,32
187,39,Male,Backpack,Accessories,56
188,19,Male,Shoes,Footwear,94
189,50,Male,Hoodie,Clothing,53
190,36,Male,Blouse,Clothing,82
191,65,Male,Coat,Outerwear,70
192,64,Male,Hat,Accessories,76
193,46,Male,Shoes,Footwear,29
194,36,Male,Belt,Accessories,100
195,51,Male,Backpack,Accessories,94
196,51,Male,Jacket,Outerwear,25
197,38,Male,Boots,Footwear,88
198,59,Male,Scarf,Accessories,78
199,57,Male,Jewelry,Accessories,45
200,54,Male,Hat,Accessories,73
201,25,Male,Dress,Clothing,61
202,69,Male,Blouse,Clothing,22
203,57,Male,Hat,Accessories,38
204,70,Male,Scarf,Accessories,38
205,24,Male,Sneakers,Footwear,100
206,67,Male,Shirt,Clothing,64
207,24,Male,T-shirt,Clothing,55
208,62,Male,Gloves,Accessories,91
209,57,Male,Skirt,Clothing,38
210,55,Male,Sandals,Footwear,97
211,45,Male,Jacket,Outerwear,22
212,69,Male,Skirt,Clothing,92
213,67,Male,Handbag,Accessories,84
214,30,Male,Handbag,Accessories,93
215,24,Male,Jacket,Outerwear,50
216,62,Male,Scarf,Accessories,64
217,43,Male,Shorts,Clothing,61
218,35,Male,Sunglasses,Accessories,48
219,28,Male,T-shirt,Clothing,45
220,32,Male,Belt,Accessories,88
221,39,Male,Sneakers,Footwear,57
222,28,Male,Hat,Accessories,68
223,47,Male,Gloves,Accessories,94
224,20,Male,Pants,Clothing,41
225,63,Male,Socks,Clothing,83
226,25,Male,Jacket,Outerwear,22
227,29,Male,Shoes,Footwear,74
228,50,Male,Jeans,Clothing,90
229,18,Male,Socks,Clothing,79
230,70,Male,Sandals,Footwear,28
231,66,Male,Scarf,Accessories,88
232,28,Male,Blouse,Clothing,26
233,54,Male,Jewelry,Accessories,27
234,19,Male,Sweater,Clothing,83
235,20,Male,Gloves,Accessories,39
236,43,Male,Sunglasses,Accessories,89
237,38,Male,Coat,Outerwear,68
238,50,Male,Dress,Clothing,90
239,64,Male,Skirt,Clothing,34
240,49,Male,Pants,Clothing,51
241,47,Male,Sweater,Clothing,45
242,36,Male,Hoodie,Clothing,88
243,55,Male,Coat,Outerwear,85
244,25,Male,Jewelry,Accessories,100
245,53,Male,Belt,Accessories,42
246,49,Male,Sandals,Footwear,53
247,35,Male,Sunglasses,Accessories,86
248,29,Male,Sweater,Clothing,66
249,47,Male,Belt,Accessories,100
250,53,Male,Handbag,Accessories,47
251,33,Male,Skirt,Clothing,25
252,21,Male,Handbag,Accessories,51
253,32,Male,Shorts,Clothing,41
254,52,Male,Boots,Footwear,73
255,67,Male,Sunglasses,Accessories,42
256,43,Male,Scarf,Accessories,20
257,58,Male,Jewelry,Accessories,30
258,20,Male,Handbag,Accessories,53
259,61,Male,Gloves,Accessories,74
260,32,Male,Jeans,Clothing,57
261,38,Male,Hat,Accessories,57
262,21,Male,Jeans,Clothing,77
263,37,Male,Pants,Clothing,40
264,27,Male,Shorts,Clothing,46
265,36,Male,Pants,Clothing,78
266,32,Male,Backpack,Accessories,59
267,51,Male,Jewelry,Accessories,75
268,64,Male,Sweater,Clothing,54
269,68,Male,Shoes,Footwear,42
270,68,Male,Blouse,Clothing,44
271,33,Male,Jeans,Clothing,52
272,65,Male,Sunglasses,Accessories,69
273,48,Male,Jewelry,Accessories,26
274,69,Male,Coat,Outerwear,33
275,59,Male,Jewelry,Accessories,32
276,48,Male,Backpack,Accessories,85
277,25,Male,Skirt,Clothing,30
278,29,Male,Shirt,Clothing,29
279,57,Male,Sweater,Clothing,95
280,23,Male,Sneakers,Footwear,69
281,45,Male,Sandals,Footwear,69
282,38,Male,Belt,Accessories,61
283,21,Male,Skirt,Clothing,94
284,32,Male,Sweater,Clothing,30
285,63,Male,Skirt,Clothing,45
286,29,Male,Handbag,Accessories,39
287,27,Male,Jewelry,Accessories,51
288,56,Male,Scarf,Accessories,37
289,30,Male,T-shirt,Clothing,62
290,49,Male,Coat,Outerwear,85
291,58,Male,T-shirt,Clothing,33
292,57,Male,Dress,Clothing,26
293,60,Male,Shoes,Footwear,99
294,69,Male,Handbag,Accessories,39
295,70,Male,Skirt,Clothing,20
296,53,Male,Sunglasses,Accessories,42
297,25,Male,Sandals,Footwear,74
298,48,Male,Shoes,Footwear,26
299,69,Male,T-shirt,Clothing,53
300,25,Male,Sneakers,Footwear,80
301,29,Male,Hat,Accessories,98
302,46,Male,Skirt,Clothing,95
303,37,Male,Sweater,Clothing,44
304,20,Male,Sandals,Footwear,60
305,40,Male,Dress,Clothing,84
306,60,Male,Sweater,Clothing,59
307,26,Male,Jacket,Outerwear,49
308,29,Male,Gloves,Accessories,32
309,66,Male,Handbag,Accessories,29
310,66,Male,Dress,Clothing,22
311,56,Male,Pants,Clothing,85
312,69,Male,Jeans,Clothing,52
313,38,Male,Pants,Clothing,89
314,42,Male,Dress,Clothing,77
315,30,Male,Pants,Clothing,24
316,66,Male,Jewelry,Accessories,24
317,36,Male,Handbag,Accessories,22
318,58,Male,Sweater,Clothing,82
319,45,Male,Backpack,Accessories,67
320,47,Male,Shorts,Clothing,74
321,66,Male,Jewelry,Accessories,72
322,41,Male,Sneakers,Footwear,36
323,41,Male,Belt,Accessories,95
324,66,Male,Hoodie,Clothing,78
325,37,Male,Shirt,Clothing,82
326,70,Male,Pants,Clothing,70
327,62,Male,Scarf,Accessories,41
328,61,Male,Coat,Outerwear,42
329,48,Male,Coat,Outerwear,50
330,70,Male,Socks,Clothing,31
331,46,Male,Sweater,Clothing,51
332,31,Male,Shirt,Clothing,98
333,19,Male,Shirt,Clothing,86
334,39,Male,Sweater,Clothing,64
335,41,Male,Blouse,Clothing,46
336,20,Male,Sweater,Clothing,85
337,36,Male,Hat,Accessories,81
338,32,Male,Sweater,Clothing,59
339,69,Male,Hoodie,Clothing,79
340,40,Male,Shorts,Clothing,33
341,40,Male,Shorts,Clothing,47
342,20,Male,Hat,Accessories,20
343,64,Male,Coat,Outerwear,36
344,27,Male,Sandals,Footwear,39
345,24,Male,Skirt,Clothing,71
346,48,Male,Shoes,Footwear,59
347,49,Male,Jeans,Clothing,50
348,36,Male,Sandals,Footwear,41
349,56,Male,Blouse,Clothing,59
350,37,Male,Hat,Accessories,87
351,42,Male,Sweater,Clothing,68
352,28,Male,Skirt,Clothing,90
353,27,Male,Jeans,Clothing,71
354,63,Male,Sneakers,Footwear,64
355,58,Male,Jewelry,Accessories,76
356,37,Male,Jewelry,Accessories,42
357,56,Male,Pants,Clothing,80
358,18,Male,Belt,Accessories,56
359,48,Male,Hat,Accessories,25
360,31,Male,Sneakers,Footwear,74
361,51,Male,Pants,Clothing,30
362,65,Male,T-shirt,Clothing,96
363,53,Male,Sneakers,Footwear,64
364,55,Male,Shorts,Clothing,88
365,62,Male,Shoes,Footwear,88
366,55,Male,Gloves,Accessories,88
367,64,Male,Socks,Clothing,36
368,52,Male,Dress,Clothing,40
369,24,Male,Handbag,Accessories,39
370,38,Male,Belt,Accessories,40
371,59,Male,Scarf,Accessories,34
372,27,Male,Sneakers,Footwear,83
373,24,Male,Sweater,Clothing,85
374,23,Male,Coat,Outerwear,27
375,69,Male,Jewelry,Accessories,78
376,59,Male,Sunglasses,Accessories,32
377,51,Male,Shoes,Footwear,51
378,63,Male,Scarf,Accessories,32
379,54,Male,Dress,Clothing,62
380,32,Male,T-shirt,Clothing,29
381,39,Male,Backpack,Accessories,69
382,66,Male,Jewelry,Accessories,25
383,28,Male,Jeans,Clothing,76
384,50,Male,Sunglasses,Accessories,77
385,70,Male,Sweater,Clothing,33
386,67,Male,Shorts,Clothing,93
387,64,Male,Jewelry,Accessories,39
388,45,Male,Coat,Outerwear,93
389,22,Male,Handbag,Accessories,82
390,27,Male,Boots,Footwear,42
391,25,Male,Gloves,Accessories,71
392,37,Male,Sweater,Clothing,86
393,26,Male,T-shirt,Clothing,82
394,33,Male,Shoes,Footwear,65
395,43,Male,Scarf,Accessories,29
396,37,Male,Sneakers,Footwear,65
397,46,Male,Dress,Clothing,88
398,22,Male,Belt,Accessories,46
399,20,Male,Boots,Footwear,67
400,60,Male,Scarf,Accessories,35
401,39,Male,Boots,Footwear,66
402,43,Male,T-shirt,Clothing,91
403,31,Male,Backpack,Accessories,78
404,19,Male,Sneakers,Footwear,45
405,35,Male,T-shirt,Clothing,93
406,41,Male,Jeans,Clothing,74
407,52,Male,Gloves,Accessories,55
408,45,Male,Hoodie,Clothing,76
409,34,Male,Sneakers,Footwear,66
410,35,Male,Shorts,Clothing,51
411,29,Male,Sweater,Clothing,26
412,59,Male,Jeans,Clothing,29
413,24,Male,Jacket,Outerwear,74
414,70,Male,Jewelry,Accessories,99
415,29,Male,Backpack,Accessories,88
416,67,Male,Coat,Outerwear,31
417,36,Male,Belt,Accessories,55
418,23,Male,Sandals,Footwear,81
419,18,Male,Sweater,Clothing,73
420,53,Male,Shorts,Clothing,91
421,32,Male,Socks,Clothing,54
422,38,Male,Shirt,Clothing,40
423,47,Male,Pants,Clothing,59
424,46,Male,Scarf,Accessories,26
425,66,Male,Sweater,Clothing,23
426,40,Male,Jeans,Clothing,87
427,43,Male,Pants,Clothing,71
428,58,Male,Backpack,Accessories,91
429,21,Male,Coat,Outerwear,64
430,42,Male,Sandals,Footwear,94
431,24,Male,Shirt,Clothing,40
432,43,Male,Hat,Accessories,76
433,47,Male,Shirt,Clothing,86
434,49,Male,Skirt,Clothing,92
435,50,Male,Shoes,Footwear,52
436,51,Male,Coat,Outerwear,28
437,40,Male,Pants,Clothing,46
438,45,Male,Jewelry,Accessories,50
439,52,Male,Belt,Accessories,23
440,62,Male,Jacket,Outerwear,50
441,20,Male,Shirt,Clothing,89
442,43,Male,Hoodie,Clothing,81
443,29,Male,Sunglasses,Accessories,69
444,22,Male,Sunglasses,Accessories,67
445,48,Male,Dress,Clothing,20
446,42,Male,Boots,Footwear,29
447,19,Male,Shirt,Clothing,74
448,60,Male,Shorts,Clothing,82
449,32,Male,Gloves,Accessories,23
450,26,Male,Jewelry,Accessories,45
451,25,Male,Boots,Footwear,21
452,66,Male,Jewelry,Accessories,31
453,45,Male,Pants,Clothing,45
454,54,Male,Jewelry,Accessories,56
455,37,Male,Jacket,Outerwear,97
456,54,Male,Blouse,Clothing,100
457,50,Male,Blouse,Clothing,96
458,25,Male,Gloves,Accessories,99
459,47,Male,Shorts,Clothing,91
460,63,Male,Hat,Accessories,30
461,64,Male,Shoes,Footwear,65
462,18,Male,Boots,Footwear,93
463,59,Male,Jacket,Outerwear,81
464,37,Male,Jewelry,Accessories,81
465,23,Male,Sunglasses,Accessories,52
466,54,Male,Skirt,Clothing,88
467,38,Male,Jeans,Clothing,24
468,19,Male,Backpack,Accessories,51
469,34,Male,Backpack,Accessories,38
470,21,Male,Shorts,Clothing,46
471,50,Male,Dress,Clothing,63
472,55,Male,Scarf,Accessories,72
473,20,Male,Jeans,Clothing,39
474,34,Male,Coat,Outerwear,42
475,62,Male,Sweater,Clothing,76
476,21,Male,Sneakers,Footwear,66
477,21,Male,Scarf,Accessories,90
478,42,Male,Sweater,Clothing,56
479,35,Male,Jewelry,Accessories,43
480,39,Male,Handbag,Accessories,84
481,68,Male,Hoodie,Clothing,88
482,46,Male,Hat,Accessories,88
483,41,Male,Belt,Accessories,42
484,23,Male,Hoodie,Clothing,73
485,68,Male,Hat,Accessories,73
486,48,Male,Shoes,Footwear,44
487,38,Male,Sandals,Footwear,63
488,41,Male,Jacket,Outerwear,68
489,58,Male,Sweater,Clothing,29
490,49,Male,Socks,Clothing,85
491,57,Male,Sneakers,Footwear,42
492,49,Male,Coat,Outerwear,69
493,50,Male,Shirt,Clothing,62
494,28,Male,Backpack,Accessories,48
495,38,Male,Boots,Footwear,68
496,33,Male,Handbag,Accessories,36
497,30,Male,Dress,Clothing,63
498,43,Male,Sneakers,Footwear,39
499,43,Male,Boots,Footwear,78
500,36,Male,Shoes,Footwear,99
501,36,Male,T-shirt,Clothing,31
502,64,Male,Boots,Footwear,45
503,59,Male,Pants,Clothing,30
504,55,Male,Shoes,Footwear,24
505,42,Male,Shoes,Footwear,22
506,61,Male,T-shirt,Clothing,63
507,28,Male,Scarf,Accessories,40
508,65,Male,Shorts,Clothing,20
509,27,Male,Jewelry,Accessories,20
510,41,Male,T-shirt,Clothing,80
511,21,Male,Shirt,Clothing,87
512,61,Male,Shirt,Clothing,46
513,19,Male,Gloves,Accessories,49
514,22,Male,Scarf,Accessories,65
515,64,Male,Skirt,Clothing,62
516,28,Male,Hat,Accessories,67
517,34,Male,Hoodie,Clothing,41
518,61,Male,Boots,Footwear,49
519,24,Male,Blouse,Clothing,100
520,19,Male,Belt,Accessories,54
521,51,Male,Sunglasses,Accessories,84
522,36,Male,Shorts,Clothing,41
523,65,Male,Gloves,Accessories,88
524,46,Male,Sandals,Footwear,40
525,59,Male,Shirt,Clothing,39
526,51,Male,Coat,Outerwear,37
527,51,Male,Pants,Clothing,52
528,21,Male,T-shirt,Clothing,23
529,34,Male,Sneakers,Footwear,88
530,32,Male,Shorts,Clothing,84
531,48,Male,Coat,Outerwear,37
532,50,Male,Sandals,Footwear,51
533,26,Male,Pants,Clothing,76
534,57,Male,Sandals,Footwear,60
535,65,Male,Gloves,Accessories,72
536,56,Male,T-shirt,Clothing,45
537,44,Male,Jacket,Outerwear,84
538,50,Male,Blouse,Clothing,49
539,27,Male,Socks,Clothing,22
540,49,Male,Coat,Outerwear,48
541,49,Male,Dress,Clothing,37
542,52,Male,Jacket,Outerwear,27
543,27,Male,Boots,Footwear,79
544,53,Male,Skirt,Clothing,98
545,34,Male,Sandals,Footwear,64
546,33,Male,Coat,Outerwear,32
547,62,Male,Hoodie,Clothing,74
548,38,Male,Jacket,Outerwear,50
549,36,Male,Backpack,Accessories,64
550,31,Male,Backpack,Accessories,29
551,62,Male,Belt,Accessories,62
552,29,Male,Coat,Outerwear,78
553,24,Male,T-shirt,Clothing,94
554,63,Male,Sunglasses,Accessories,59
555,56,Male,Sneakers,Footwear,47
556,63,Male,Gloves,Accessories,57
557,40,Male,Coat,Outerwear,90
558,18,Male,Shirt,Clothing,60
559,50,Male,Sneakers,Footwear,77
560,66,Male,Scarf,Accessories,41
561,25,Male,Jewelry,Accessories,48
562,65,Male,Jacket,Outerwear,65
563,53,Male,Jeans,Clothing,62
564,61,Male,Shoes,Footwear,99
565,67,Male,Hoodie,Clothing,58
566,59,Male,Backpack,Accessories,43
567,55,Male,Sneakers,Footwear,93
568,21,Male,Blouse,Clothing,50
569,44,Male,Pants,Clothing,88
570,65,Male,Skirt,Clothing,33
571,65,Male,T-shirt,Clothing,99
572,54,Male,Jacket,Outerwear,76
573,56,Male,Scarf,Accessories,97
574,58,Male,Pants,Clothing,68
575,54,Male,Sneakers,Footwear,79
576,58,Male,Jeans,Clothing,86
577,48,Male,Hat,Accessories,68
578,19,Male,Skirt,Clothing,52
579,69,Male,Sandals,Footwear,90
580,58,Male,Sandals,Footwear,41
581,49,Male,Sweater,Clothing,80
582,32,Male,Sweater,Clothing,100
583,40,Male,Jacket,Outerwear,77
584,25,Male,Shorts,Clothing,78
585,70,Male,Socks,Clothing,94
586,69,Male,Socks,Clothing,23
587,45,Male,Hoodie,Clothing,20
588,29,Male,Socks,Clothing,86
589,47,Male,Boots,Footwear,60
590,28,Male,Shirt,Clothing,70
591,64,Male,Belt,Accessories,39
592,47,Male,Backpack,Accessories,37
593,60,Male,Boots,Footwear,29
594,67,Male,Coat,Outerwear,35
595,35,Male,Hoodie,Clothing,83
596,30,Male,Shoes,Footwear,77
597,23,Male,Shoes,Footwear,37
598,70,Male,Jewelry,Accessories,69
599,21,Male,Dress,Clothing,66
600,51,Male,Boots,Footwear,26
601,22,Male,Hat,Accessories,63
602,32,Male,Backpack,Accessories,38
603,37,Male,Shoes,Footwear,58
604,31,Male,Handbag,Accessories,46
605,44,Male,Sunglasses,Accessories,92
606,40,Male,Hat,Accessories,32
607,27,Male,Scarf,Accessories,90
608,47,Male,Hoodie,Clothing,23
609,41,Male,Backpack,Accessories,25
610,51,Male,Sweater,Clothing,54
611,53,Male,Shorts,Clothing,72
612,43,Male,Scarf,Accessories,33
613,67,Male,Hat,Accessories,43
614,61,Male,Coat,Outerwear,51
615,68,Male,Jewelry,Accessories,85
616,67,Male,Sandals,Footwear,100
617,29,Male,Gloves,Accessories,72
618,50,Male,Backpack,Accessories,57
619,61,Male,Jacket,Outerwear,94
620,19,Male,Backpack,Accessories,34
621,33,Male,Backpack,Accessories,89
622,51,Male,Sunglasses,Accessories,27
623,69,Male,Socks,Clothing,63
624,19,Male,Shoes,Footwear,70
625,55,Male,Pants,Clothing,87
626,49,Male,Jewelry,Accessories,79
627,31,Male,Sunglasses,Accessories,79
628,42,Male,Sandals,Footwear,44
629,69,Male,Sweater,Clothing,85
630,26,Male,Shoes,Footwear,90
631,41,Male,Jewelry,Accessories,94
632,55,Male,Boots,Footwear,68
633,35,Male,Backpack,Accessories,51
634,66,Male,Sandals,Footwear,33
635,36,Male,Sneakers,Footwear,60
636,27,Male,Hoodie,Clothing,59
637,41,Male,Handbag,Accessories,30
638,21,Male,Sweater,Clothing,20
639,53,Male,Sandals,Footwear,20
640,54,Male,Dress,Clothing,24
641,53,Male,Skirt,Clothing,88
642,47,Male,Blouse,Clothing,78
643,64,Male,Skirt,Clothing,25
644,18,Male,Sweater,Clothing,57
645,68,Male,Backpack,Accessories,93
646,62,Male,Hoodie,Clothing,42
647,51,Male,Boots,Footwear,54
648,54,Male,Blouse,Clothing,70
649,22,Male,Hoodie,Clothing,31
650,53,Male,Pants,Clothing,93
651,34,Male,Gloves,Accessories,40
652,32,Male,Hat,Accessories,32
653,64,Male,Sunglasses,Accessories,27
654,20,Male,Scarf,Accessories,68
655,24,Male,Handbag,Accessories,59
656,20,Male,Handbag,Accessories,36
657,42,Male,Jeans,Clothing,23
658,48,Male,Jacket,Outerwear,80
659,62,Male,Backpack,Accessories,37
660,62,Male,Shorts,Clothing,52
661,50,Male,Coat,Outerwear,79
662,57,Male,Shirt,Clothing,68
663,24,Male,Gloves,Accessories,98
664,59,Male,Dress,Clothing,83
665,63,Male,Pants,Clothing,83
666,41,Male,Pants,Clothing,55
667,35,Male,Hoodie,Clothing,26
668,34,Male,Sunglasses,Accessories,76
669,49,Male,T-shirt,Clothing,85
670,43,Male,Jacket,Outerwear,89
671,63,Male,Sweater,Clothing,41
672,38,Male,Jacket,Outerwear,30
673,59,Male,Socks,Clothing,53
674,35,Male,Shirt,Clothing,66
675,48,Male,Jewelry,Accessories,33
676,64,Male,Sunglasses,Accessories,86
677,28,Male,Pants,Clothing,60
678,60,Male,Socks,Clothing,62
679,27,Male,Blouse,Clothing,74
680,56,Male,Sandals,Footwear,95
681,58,Male,Sneakers,Footwear,25
682,30,Male,Shirt,Clothing,59
683,23,Male,Jacket,Outerwear,29
684,33,Male,Sandals,Footwear,36
685,63,Male,Hat,Accessories,82
686,70,Male,Blouse,Clothing,71
687,70,Male,Sweater,Clothing,35
688,19,Male,Gloves,Accessories,38
689,25,Male,Scarf,Accessories,59
690,19,Male,Hoodie,Clothing,91
691,25,Male,Shorts,Clothing,68
692,60,Male,Backpack,Accessories,21
693,35,Male,Sunglasses,Accessories,95
694,46,Male,Shorts,Clothing,52
695,41,Male,Dress,Clothing,21
696,30,Male,Shorts,Clothing,67
697,44,Male,Belt,Accessories,42
698,61,Male,Scarf,Accessories,63
699,55,Male,Boots,Footwear,41
700,50,Male,Handbag,Accessories,46
701,57,Male,Pants,Clothing,79
702,51,Male,Boots,Footwear,90
703,18,Male,Shirt,Clothing,71
704,63,Male,Dress,Clothing,87
705,34,Male,Hoodie,Clothing,66
706,25,Male,Pants,Clothing,90
707,46,Male,Jeans,Clothing,47
708,59,Male,Shirt,Clothing,38
709,37,Male,Backpack,Accessories,50
710,49,Male,Jacket,Outerwear,79
711,22,Male,Scarf,Accessories,91
712,64,Male,Boots,Footwear,60
713,42,Male,Blouse,Clothing,81
714,37,Male,Hoodie,Clothing,90
715,26,Male,Jacket,Outerwear,70
716,33,Male,Jeans,Clothing,63
717,30,Male,Jewelry,Accessories,29
718,21,Male,Socks,Clothing,90
719,22,Male,Shirt,Clothing,22
720,63,Male,Shorts,Clothing,22
721,33,Male,Jewelry,Accessories,62
722,43,Male,Blouse,Clothing,57
723,27,Male,Sweater,Clothing,32
724,35,Male,Jewelry,Accessories,53
725,37,Male,T-shirt,Clothing,79
726,61,Male,Hat,Accessories,61
727,32,Male,Shorts,Clothing,78
728,62,Male,Sweater,Clothing,97
729,29,Male,Jeans,Clothing,78
730,41,Male,Sunglasses,Accessories,56
731,48,Male,Boots,Footwear,25
732,43,Male,Coat,Outerwear,28
733,34,Male,Shirt,Clothing,57
734,45,Male,Dress,Clothing,36
735,65,Male,Shirt,Clothing,69
736,61,Male,Sunglasses,Accessories,48
737,18,Male,Dress,Clothing,58
738,47,Male,Sunglasses,Accessories,24
739,56,Male,Sunglasses,Accessories,31
740,64,Male,Shorts,Clothing,29
741,26,Male,Jeans,Clothing,69
742,22,Male,T-shirt,Clothing,79
743,64,Male,Pants,Clothing,39
744,21,Male,Sunglasses,Accessories,84
745,67,Male,Boots,Footwear,66
746,46,Male,T-shirt,Clothing,92
747,40,Male,Sandals,Footwear,45
748,51,Male,Shorts,Clothing,74
749,35,Male,Hat,Accessories,39
750,56,Male,Scarf,Accessories,71
751,25,Male,T-shirt,Clothing,95
752,65,Male,Gloves,Accessories,72
753,39,Male,Scarf,Accessories,85
754,47,Male,Boots,Footwear,54
755,36,Male,Gloves,Accessories,41
756,66,Male,Coat,Outerwear,24
757,62,Male,Belt,Accessories,99
758,41,Male,Hoodie,Clothing,32
759,66,Male,Shoes,Footwear,71
760,51,Male,Dress,Clothing,49
761,33,Male,Gloves,Accessories,50
762,57,Male,Jewelry,Accessories,91
763,45,Male,Belt,Accessories,46
764,61,Male,Sweater,Clothing,50
765,55,Male,Skirt,Clothing,39
766,54,Male,Sneakers,Footwear,99
767,57,Male,Gloves,Accessories,48
768,27,Male,Coat,Outerwear,77
769,64,Male,Backpack,Accessories,95
770,52,Male,Socks,Clothing,100
771,19,Male,Sneakers,Footwear,54
772,22,Male,Sweater,Clothing,68
773,18,Male,Jeans,Clothing,22
774,29,Male,Hat,Accessories,84
775,42,Male,Hat,Accessories,46
776,49,Male,Handbag,Accessories,53
777,49,Male,Shirt,Clothing,60
778,55,Male,Socks,Clothing,32
779,29,Male,Socks,Clothing,50
780,60,Male,Dress,Clothing,94
781,34,Male,Shoes,Footwear,26
782,30,Male,Scarf,Accessories,44
783,28,Male,Hoodie,Clothing,57
784,63,Male,T-shirt,Clothing,65
785,31,Male,Jeans,Clothing,72
786,46,Male,Shorts,Clothing,62
787,70,Male,Hat,Accessories,21
788,53,Male,Handbag,Accessories,85
789,50,Male,Pants,Clothing,51
790,33,Male,Handbag,Accessories,84
791,22,Male,Sweater,Clothing,37
792,50,Male,Scarf,Accessories,44
793,34,Male,Sneakers,Footwear,45
794,24,Male,Pants,Clothing,35
795,69,Male,Backpack,Accessories,50
796,39,Male,Sandals,Footwear,26
797,42,Male,Socks,Clothing,78
798,42,Male,Coat,Outerwear,82
799,29,Male,Socks,Clothing,39
800,55,Male,Belt,Accessories,55
801,32,Male,Socks,Clothing,20
802,25,Male,Belt,Accessories,29
803,38,Male,Pants,Clothing,41
804,32,Male,Shorts,Clothing,38
805,43,Male,Boots,Footwear,47
806,41,Male,Dress,Clothing,30
807,56,Male,Jeans,Clothing,56
808,27,Male,T-shirt,Clothing,89
809,46,Male,Shoes,Footwear,96
810,48,Male,Boots,Footwear,81
811,52,Male,Scarf,Accessories,83
812,18,Male,Sneakers,Footwear,35
813,64,Male,Boots,Footwear,56
814,54,Male,Handbag,Accessories,45
815,31,Male,Shirt,Clothing,62
816,30,Male,Hat,Accessories,84
817,26,Male,Sweater,Clothing,24
818,25,Male,Handbag,Accessories,21
819,59,Male,Shirt,Clothing,91
820,55,Male,Sunglasses,Accessories,36
821,56,Male,Sneakers,Footwear,39
822,62,Male,Hoodie,Clothing,39
823,35,Male,Shirt,Clothing,59
824,51,Male,Sunglasses,Accessories,27
825,61,Male,Blouse,Clothing,94
826,27,Male,Belt,Accessories,94
827,54,Male,Dress,Clothing,94
828,31,Male,Shoes,Footwear,51
829,24,Male,Socks,Clothing,62
830,42,Male,Socks,Clothing,57
831,41,Male,Shorts,Clothing,76
832,66,Male,Gloves,Accessories,63
833,58,Male,Jacket,Outerwear,80
834,43,Male,Handbag,Accessories,68
835,52,Male,Backpack,Accessories,89
836,35,Male,Boots,Footwear,26
837,23,Male,Gloves,Accessories,90
838,25,Male,Hoodie,Clothing,28
839,33,Male,Coat,Outerwear,29
840,48,Male,Shirt,Clothing,31
841,42,Male,Shirt,Clothing,24
842,55,Male,Sweater,Clothing,88
843,59,Male,Shirt,Clothing,87
844,65,Male,Hoodie,Clothing,80
845,59,Male,Sandals,Footwear,48
846,31,Male,Belt,Accessories,21
847,49,Male,Boots,Footwear,72
848,53,Male,Hoodie,Clothing,44
849,48,Male,Sandals,Footwear,73
850,23,Male,Jeans,Clothing,61
851,68,Male,Shoes,Footwear,20
852,35,Male,Sandals,Footwear,86
853,34,Male,Dress,Clothing,60
854,62,Male,Hat,Accessories,43
855,21,Male,Pants,Clothing,44
856,70,Male,Socks,Clothing,76
857,55,Male,Shirt,Clothing,33
858,43,Male,Shorts,Clothing,60
859,19,Male,Jacket,Outerwear,26
860,47,Male,Hoodie,Clothing,73
861,26,Male,Shoes,Footwear,87
862,46,Male,Skirt,Clothing,100
863,19,Male,Coat,Outerwear,84
864,49,Male,Sneakers,Footwear,41
865,51,Male,Jeans,Clothing,59
866,64,Male,Blouse,Clothing,26
867,67,Male,Sunglasses,Accessories,69
868,37,Male,Jacket,Outerwear,20
869,40,Male,Dress,Clothing,83
870,38,Male,Hat,Accessories,54
871,66,Male,Hoodie,Clothing,66
872,47,Male,Handbag,Accessories,42
873,56,Male,Jeans,Clothing,33
874,51,Male,Boots,Footwear,77
875,25,Male,Jacket,Outerwear,65
876,37,Male,Sandals,Footwear,39
877,41,Male,Belt,Accessories,51
878,64,Male,Handbag,Accessories,65
879,23,Male,Sunglasses,Accessories,89
880,62,Male,Skirt,Clothing,76
881,39,Male,Backpack,Accessories,75
882,52,Male,Sandals,Footwear,61
883,50,Male,Boots,Footwear,35
884,28,Male,Sneakers,Footwear,37
885,67,Male,Skirt,Clothing,91
886,41,Male,Dress,Clothing,99
887,19,Male,Shorts,Clothing,54
888,70,Male,Handbag,Accessories,47
889,49,Male,Scarf,Accessories,77
890,59,Male,Belt,Accessories,84
891,52,Male,Gloves,Accessories,51
892,20,Male,Skirt,Clothing,26
893,31,Male,Shorts,Clothing,64
894,33,Male,Backpack,Accessories,51
895,44,Male,Hoodie,Clothing,60
896,40,Male,Hat,Accessories,69
897,69,Male,Jewelry,Accessories,29
898,29,Male,Shirt,Clothing,91
899,54,Male,Belt,Accessories,70
900,65,Male,Sweater,Clothing,58
901,54,Male,Hat,Accessories,98
902,60,Male,Scarf,Accessories,68
903,43,Male,Hat,Accessories,44
904,44,Male,Jacket,Outerwear,45
905,69,Male,T-shirt,Clothing,99
906,46,Male,Dress,Clothing,68
907,41,Male,Pants,Clothing,56
908,32,Male,Sweater,Clothing,43
909,26,Male,Sunglasses,Accessories,99
910,61,Male,Belt,Accessories,56
911,49,Male,Hoodie,Clothing,25
912,53,Male,Pants,Clothing,74
913,24,Male,Hoodie,Clothing,56
914,37,Male,Sneakers,Footwear,47
915,43,Male,Dress,Clothing,67
916,31,Male,Dress,Clothing,22
917,49,Male,Jeans,Clothing,34
918,69,Male,Sweater,Clothing,64
919,65,Male,Shorts,Clothing,42
920,41,Male,Shirt,Clothing,82
921,37,Male,Belt,Accessories,81
922,70,Male,Coat,Outerwear,24
923,63,Male,Sneakers,Footwear,60
924,55,Male,Shirt,Clothing,24
925,52,Male,Socks,Clothing,78
926,22,Male,Jeans,Clothing,88
927,54,Male,Jeans,Clothing,63
928,28,Male,Sneakers,Footwear,78
929,67,Male,Dress,Clothing,37
930,59,Male,Boots,Footwear,94
931,26,Male,T-shirt,Clothing,78
932,24,Male,Coat,Outerwear,36
933,62,Male,Skirt,Clothing,24
934,70,Male,Sneakers,Footwear,84
935,45,Male,Jeans,Clothing,47
936,58,Male,Hoodie,Clothing,51
937,31,Male,Shoes,Footwear,84
938,32,Male,Shorts,Clothing,24
939,36,Male,Blouse,Clothing,97
940,25,Male,T-shirt,Clothing,89
941,48,Male,Belt,Accessories,44
942,39,Male,Handbag,Accessories,35
943,26,Male,Dress,Clothing,91
944,32,Male,Hat,Accessories,63
945,54,Male,Belt,Accessories,97
946,38,Male,Boots,Footwear,38
947,46,Male,Coat,Outerwear,24
948,57,Male,Blouse,Clothing,32
949,49,Male,Hat,Accessories,90
950,33,Male,Jeans,Clothing,36
951,54,Male,Backpack,Accessories,37
952,47,Male,Dress,Clothing,51
953,36,Male,Hat,Accessories,71
954,68,Male,Sunglasses,Accessories,50
955,60,Male,Hat,Accessories,74
956,55,Male,Dress,Clothing,75
957,29,Male,Shirt,Clothing,99
958,38,Male,Scarf,Accessories,23
959,70,Male,Sneakers,Footwear,53
960,36,Male,Skirt,Clothing,99
961,18,Male,Jewelry,Accessories,48
962,62,Male,Boots,Footwear,72
963,29,Male,Sunglasses,Accessories,64
964,21,Male,Boots,Footwear,63
965,42,Male,Sandals,Footwear,51
966,43,Male,Boots,Footwear,55
967,58,Male,Dress,Clothing,55
968,27,Male,Hoodie,Clothing,26
969,57,Male,Shorts,Clothing,67
970,40,Male,Coat,Outerwear,31
971,45,Male,Jeans,Clothing,66
972,47,Male,Sunglasses,Accessories,67
973,61,Male,Sneakers,Footwear,61
974,60,Male,Jacket,Outerwear,75
975,69,Male,Skirt,Clothing,90
976,58,Male,Sweater,Clothing,40
977,34,Male,T-shirt,Clothing,90
978,20,Male,Belt,Accessories,20
979,56,Male,Gloves,Accessories,40
980,64,Male,Hat,Accessories,33
981,56,Male,Boots,Footwear,98
982,27,Male,Belt,Accessories,42
983,35,Male,Coat,Outerwear,62
984,24,Male,Hat,Accessories,45
985,26,Male,Shoes,Footwear,78
986,32,Male,Handbag,Accessories,80
987,54,Male,Scarf,Accessories,96
988,62,Male,Handbag,Accessories,47
989,50,Male,Pants,Clothing,84
990,70,Male,Shoes,Footwear,31
991,48,Male,Sunglasses,Accessories,63
992,20,Male,Shorts,Clothing,97
993,46,Male,Jacket,Outerwear,99
994,51,Male,Sandals,Footwear,90
995,53,Male,Shoes,Footwear,68
996,44,Male,Jewelry,Accessories,80
997,29,Male,Sandals,Footwear,91
998,64,Male,Pants,Clothing,30
999,51,Male,Shoes,Footwear,90
1000,50,Male,Socks,Clothing,28
1001,43,Male,Socks,Clothing,46
1002,61,Male,Dress,Clothing,60
1003,55,Male,Shoes,Footwear,59
1004,56,Male,Hat,Accessories,68
1005,33,Male,Backpack,Accessories,79
1006,43,Male,Backpack,Accessories,94
1007,21,Male,Pants,Clothing,83
1008,58,Male,Gloves,Accessories,62
1009,41,Male,Scarf,Accessories,85
1010,39,Male,Hoodie,Clothing,30
1011,54,Male,Jeans,Clothing,24
1012,43,Male,Backpack,Accessories,25
1013,28,Male,Sandals,Footwear,37
1014,59,Male,Belt,Accessories,69
1015,28,Male,Shoes,Footwear,97
1016,68,Male,Gloves,Accessories,24
1017,20,Male,Belt,Accessories,30
1018,21,Male,Jacket,Outerwear,53
1019,50,Male,Dress,Clothing,70
1020,32,Male,Shirt,Clothing,76
1021,24,Male,Scarf,Accessories,95
1022,55,Male,Coat,Outerwear,51
1023,61,Male,Handbag,Accessories,41
1024,61,Male,Sunglasses,Accessories,71
1025,28,Male,T-shirt,Clothing,66
1026,60,Male,Shirt,Clothing,84
1027,49,Male,Handbag,Accessories,95
1028,33,Male,Jewelry,Accessories,90
1029,45,Male,Hoodie,Clothing,36
1030,29,Male,Gloves,Accessories,22
1031,58,Male,Coat,Outerwear,89
1032,22,Male,Sandals,Footwear,50
1033,55,Male,Boots,Footwear,36
1034,19,Male,Pants,Clothing,52
1035,68,Male,Socks,Clothing,29
1036,61,Male,Blouse,Clothing,89
1037,68,Male,Handbag,Accessories,47
1038,52,Male,Jewelry,Accessories,25
1039,41,Male,Pants,Clothing,74
1040,29,Male,Belt,Accessories,46
1041,68,Male,Jeans,Clothing,22
1042,36,Male,Shirt,Clothing,25
1043,55,Male,Belt,Accessories,80
1044,28,Male,Jeans,Clothing,76
1045,39,Male,Jeans,Clothing,30
1046,54,Male,Sweater,Clothing,79
1047,40,Male,Sneakers,Footwear,22
1048,31,Male,Socks,Clothing,36
1049,30,Male,Socks,Clothing,77
1050,45,Male,Sunglasses,Accessories,33
1051,48,Male,Sneakers,Footwear,64
1052,45,Male,Socks,Clothing,53
1053,60,Male,Shoes,Footwear,36
1054,59,Male,Blouse,Clothing,70
1055,18,Male,Shorts,Clothing,96
1056,70,Male,Jacket,Outerwear,27
1057,20,Male,Sweater,Clothing,64
1058,65,Male,Jacket,Outerwear,23
1059,29,Male,Scarf,Accessories,33
1060,22,Male,Jacket,Outerwear,34
1061,27,Male,Sweater,Clothing,35
1062,36,Male,Coat,Outerwear,62
1063,59,Male,Boots,Footwear,75
1064,62,Male,Hoodie,Clothing,29
1065,34,Male,Hat,Accessories,28
1066,59,Male,T-shirt,Clothing,20
1067,49,Male,Coat,Outerwear,96
1068,18,Male,Dress,Clothing,43
1069,55,Male,Shirt,Clothing,94
1070,38,Male,Skirt,Clothing,81
1071,50,Male,Jewelry,Accessories,75
1072,61,Male,Hat,Accessories,81
1073,48,Male,Shorts,Clothing,92
1074,22,Male,Scarf,Accessories,96
1075,48,Male,Jewelry,Accessories,71
1076,57,Male,Sunglasses,Accessories,50
1077,33,Male,Coat,Outerwear,72
1078,58,Male,Jacket,Outerwear,28
1079,37,Male,Sweater,Clothing,59
1080,18,Male,Coat,Outerwear,33
1081,65,Male,Scarf,Accessories,59
1082,62,Male,Belt,Accessories,30
1083,54,Male,Hat,Accessories,85
1084,35,Male,Backpack,Accessories,97
1085,34,Male,T-shirt,Clothing,36
1086,25,Male,Jewelry,Accessories,85
1087,53,Male,Sunglasses,Accessories,62
1088,45,Male,Jeans,Clothing,71
1089,49,Male,Pants,Clothing,21
1090,40,Male,Backpack,Accessories,61
1091,38,Male,Scarf,Accessories,58
1092,44,Male,Sweater,Clothing,80
1093,68,Male,Jewelry,Accessories,50
1094,60,Male,Sneakers,Footwear,48
1095,25,Male,Jewelry,Accessories,40
1096,19,Male,Coat,Outerwear,34
1097,57,Male,Coat,Outerwear,46
1098,58,Male,Sunglasses,Accessories,27
1099,49,Male,Handbag,Accessories,98
1100,19,Male,Sweater,Clothing,73
1101,50,Male,Pants,Clothing,28
1102,30,Male,Gloves,Accessories,76
1103,52,Male,Sweater,Clothing,83
1104,35,Male,Hoodie,Clothing,23
1105,35,Male,Hat,Accessories,28
1106,33,Male,T-shirt,Clothing,83
1107,52,Male,Skirt,Clothing,96
1108,69,Male,Sneakers,Footwear,62
1109,27,Male,Shorts,Clothing,25
1110,66,Male,Hoodie,Clothing,97
1111,28,Male,Hoodie,Clothing,61
1112,22,Male,Shoes,Footwear,66
1113,69,Male,Hoodie,Clothing,67
1114,28,Male,Sunglasses,Accessories,80
1115,55,Male,Skirt,Clothing,25
1116,30,Male,Hat,Accessories,58
1117,67,Male,Backpack,Accessories,96
1118,25,Male,Sunglasses,Accessories,77
1119,49,Male,Belt,Accessories,65
1120,34,Male,Jewelry,Accessories,36
1121,22,Male,Sneakers,Footwear,84
1122,63,Male,T-shirt,Clothing,58
1123,70,Male,Handbag,Accessories,62
1124,36,Male,Hat,Accessories,67
1125,42,Male,Sweater,Clothing,20
1126,27,Male,Sandals,Footwear,90
1127,23,Male,Scarf,Accessories,58
1128,50,Male,Shirt,Clothing,53
1129,56,Male,Gloves,Accessories,30
1130,37,Male,Hoodie,Clothing,65
1131,67,Male,Jewelry,Accessories,41
1132,67,Male,Shirt,Clothing,73
1133,50,Male,Hoodie,Clothing,98
1134,36,Male,Shoes,Footwear,36
1135,62,Male,T-shirt,Clothing,81
1136,65,Male,Skirt,Clothing,90
1137,23,Male,Handbag,Accessories,83
1138,46,Male,Shirt,Clothing,91
1139,18,Male,Pants,Clothing,36
1140,58,Male,Coat,Outerwear,53
1141,31,Male,Jeans,Clothing,39
1142,39,Male,Gloves,Accessories,33
1143,69,Male,T-shirt,Clothing,76
1144,68,Male,Boots,Footwear,23
1145,41,Male,Jeans,Clothing,54
1146,31,Male,Sneakers,Footwear,89
1147,48,Male,Sneakers,Footwear,38
1148,59,Male,Hat,Accessories,36
1149,34,Male,Pants,Clothing,66
1150,21,Male,Jewelry,Accessories,42
1151,29,Male,Jewelry,Accessories,36
1152,41,Male,Blouse,Clothing,86
1153,62,Male,Handbag,Accessories,49
1154,27,Male,Shirt,Clothing,41
1155,49,Male,Dress,Clothing,82
1156,67,Male,T-shirt,Clothing,53
1157,20,Male,Shoes,Footwear,21
1158,37,Male,Belt,Accessories,66
1159,69,Male,Belt,Accessories,89
1160,66,Male,Handbag,Accessories,55
1161,37,Male,Scarf,Accessories,42
1162,63,Male,Shorts,Clothing,52
1163,47,Male,Sandals,Footwear,92
1164,26,Male,Pants,Clothing,56
1165,68,Male,Dress,Clothing,96
1166,51,Male,T-shirt,Clothing,64
1167,48,Male,Dress,Clothing,48
1168,60,Male,Socks,Clothing,83
1169,68,Male,Scarf,Accessories,91
1170,25,Male,Backpack,Accessories,94
1171,57,Male,Skirt,Clothing,62
1172,41,Male,Socks,Clothing,55
1173,59,Male,Coat,Outerwear,68
1174,44,Male,Jewelry,Accessories,76
1175,42,Male,Backpack,Accessories,31
1176,35,Male,Belt,Accessories,81
1177,36,Male,Dress,Clothing,83
1178,54,Male,Skirt,Clothing,21
1179,37,Male,Dress,Clothing,22
1180,20,Male,T-shirt,Clothing,33
1181,23,Male,Skirt,Clothing,23
1182,61,Male,Shorts,Clothing,96
1183,37,Male,Jewelry,Accessories,21
1184,23,Male,Pants,Clothing,39
1185,63,Male,Belt,Accessories,73
1186,47,Male,Jeans,Clothing,64
1187,63,Male,Jeans,Clothing,68
1188,56,Male,Hat,Accessories,89
1189,68,Male,Blouse,Clothing,29
1190,64,Male,Shirt,Clothing,97
1191,62,Male,Shirt,Clothing,45
1192,34,Male,T-shirt,Clothing,70
1193,49,Male,Coat,Outerwear,56
1194,40,Male,Jacket,Outerwear,55
1195,50,Male,Hoodie,Clothing,46
1196,25,Male,Scarf,Accessories,95
1197,30,Male,Belt,Accessories,88
1198,54,Male,Sneakers,Footwear,92
1199,40,Male,Socks,Clothing,49
1200,49,Male,Sandals,Footwear,89
1201,27,Male,Coat,Outerwear,22
1202,27,Male,Shoes,Footwear,61
1203,48,Male,Scarf,Accessories,29
1204,40,Male,Sneakers,Footwear,82
1205,67,Male,Belt,Accessories,94
1206,52,Male,Handbag,Accessories,99
1207,22,Male,Handbag,Accessories,59
1208,62,Male,Boots,Footwear,90
1209,20,Male,Boots,Footwear,100
1210,41,Male,Pants,Clothing,62
1211,34,Male,Sunglasses,Accessories,78
1212,23,Male,Hoodie,Clothing,94
1213,32,Male,Shoes,Footwear,74
1214,68,Male,Handbag,Accessories,52
1215,30,Male,Jacket,Outerwear,81
1216,66,Male,Blouse,Clothing,20
1217,62,Male,Pants,Clothing,32
1218,50,Male,Boots,Footwear,63
1219,55,Male,Boots,Footwear,79
1220,19,Male,Sweater,Clothing,23
1221,67,Male,Gloves,Accessories,64
1222,18,Male,Socks,Clothing,69
1223,58,Male,Jeans,Clothing,69
1224,69,Male,Pants,Clothing,24
1225,62,Male,Shorts,Clothing,50
1226,28,Male,Gloves,Accessories,97
1227,53,Male,Sandals,Footwear,91
1228,27,Male,Blouse,Clothing,37
1229,55,Male,Jacket,Outerwear,55
1230,34,Male,Jewelry,Accessories,52
1231,25,Male,Hat,Accessories,80
1232,66,Male,Socks,Clothing,79
1233,57,Male,Handbag,Accessories,23
1234,46,Male,Pants,Clothing,73
1235,38,Male,Gloves,Accessories,99
1236,23,Male,Sweater,Clothing,22
1237,42,Male,Hat,Accessories,68
1238,25,Male,Dress,Clothing,92
1239,55,Male,Pants,Clothing,77
1240,62,Male,Coat,Outerwear,37
1241,41,Male,Scarf,Accessories,79
1242,58,Male,Hoodie,Clothing,51
1243,56,Male,Socks,Clothing,27
1244,25,Male,Blouse,Clothing,23
1245,70,Male,Socks,Clothing,76
1246,42,Male,Dress,Clothing,31
1247,27,Male,Hoodie,Clothing,60
1248,65,Male,T-shirt,Clothing,99
1249,62,Male,Hat,Accessories,37
1250,62,Male,Boots,Footwear,50
1251,52,Male,Jeans,Clothing,26
1252,56,Male,Shorts,Clothing,86
1253,28,Male,Sandals,Footwear,41
1254,39,Male,Sandals,Footwear,23
1255,54,Male,Sneakers,Footwear,56
1256,30,Male,Hat,Accessories,68
1257,45,Male,Coat,Outerwear,48
1258,68,Male,Dress,Clothing,67
1259,47,Male,Boots,Footwear,87
1260,68,Male,Skirt,Clothing,64
1261,63,Male,Shirt,Clothing,93
1262,20,Male,Shirt,Clothing,29
1263,29,Male,Boots,Footwear,62
1264,41,Male,Hoodie,Clothing,70
1265,52,Male,Sweater,Clothing,92
1266,32,Male,Shirt,Clothing,79
1267,20,Male,Blouse,Clothing,31
1268,47,Male,T-shirt,Clothing,83
1269,23,Male,Jacket,Outerwear,88
1270,43,Male,Jewelry,Accessories,53
1271,67,Male,Hoodie,Clothing,98
1272,70,Male,Jewelry,Accessories,57
1273,35,Male,Sandals,Footwear,80
1274,41,Male,Jeans,Clothing,29
1275,54,Male,Hat,Accessories,73
1276,55,Male,Sweater,Clothing,32
1277,51,Male,Boots,Footwear,68
1278,19,Male,Blouse,Clothing,97
1279,28,Male,Shorts,Clothing,98
1280,63,Male,Hoodie,Clothing,56
1281,30,Male,Pants,Clothing,78
1282,29,Male,Belt,Accessories,81
1283,24,Male,Shirt,Clothing,68
1284,69,Male,Shirt,Clothing,94
1285,65,Male,Dress,Clothing,93
1286,64,Male,Gloves,Accessories,99
1287,40,Male,Gloves,Accessories,49
1288,24,Male,Jeans,Clothing,28
1289,66,Male,Belt,Accessories,93
1290,35,Male,Jacket,Outerwear,24
1291,67,Male,Skirt,Clothing,35
1292,69,Male,Sandals,Footwear,68
1293,26,Male,Belt,Accessories,61
1294,23,Male,Sweater,Clothing,74
1295,27,Male,Shirt,Clothing,64
1296,30,Male,Sneakers,Footwear,60
1297,48,Male,Jeans,Clothing,29
1298,44,Male,Sandals,Footwear,85
1299,29,Male,Pants,Clothing,81
1300,29,Male,Belt,Accessories,23
1301,67,Male,T-shirt,Clothing,100
1302,42,Male,Shirt,Clothing,54
1303,23,Male,Sneakers,Footwear,25
1304,34,Male,Blouse,Clothing,32
1305,64,Male,Backpack,Accessories,63
1306,31,Male,Pants,Clothing,56
1307,54,Male,Sweater,Clothing,33
1308,23,Male,Coat,Outerwear,32
1309,59,Male,Dress,Clothing,38
1310,32,Male,Blouse,Clothing,21
1311,43,Male,Hoodie,Clothing,59
1312,32,Male,Shoes,Footwear,87
1313,66,Male,T-shirt,Clothing,79
1314,70,Male,Shoes,Footwear,28
1315,42,Male,Boots,Footwear,67
1316,56,Male,Shorts,Clothing,75
1317,28,Male,Belt,Accessories,32
1318,28,Male,Pants,Clothing,43
1319,52,Male,Shorts,Clothing,93
1320,65,Male,Sunglasses,Accessories,24
1321,56,Male,Hat,Accessories,31
1322,59,Male,T-shirt,Clothing,84
1323,23,Male,Pants,Clothing,74
1324,58,Male,Shorts,Clothing,62
1325,39,Male,Jewelry,Accessories,77
1326,28,Male,Backpack,Accessories,73
1327,40,Male,Shoes,Footwear,50
1328,52,Male,Coat,Outerwear,40
1329,37,Male,Sweater,Clothing,97
1330,70,Male,Gloves,Accessories,63
1331,30,Male,Handbag,Accessories,65
1332,38,Male,Socks,Clothing,91
1333,66,Male,Hoodie,Clothing,60
1334,29,Male,Pants,Clothing,69
1335,46,Male,Coat,Outerwear,52
1336,56,Male,Boots,Footwear,49
1337,23,Male,Sneakers,Footwear,85
1338,37,Male,Sweater,Clothing,86
1339,56,Male,Handbag,Accessories,51
1340,36,Male,Belt,Accessories,56
1341,40,Male,Belt,Accessories,72
1342,26,Male,Hoodie,Clothing,27
1343,57,Male,Sunglasses,Accessories,43
1344,68,Male,Sneakers,Footwear,56
1345,56,Male,T-shirt,Clothing,37
1346,40,Male,Dress,Clothing,21
1347,44,Male,Hoodie,Clothing,91
1348,44,Male,Sweater,Clothing,95
1349,19,Male,Belt,Accessories,54
1350,21,Male,Socks,Clothing,36
1351,31,Male,Sunglasses,Accessories,71
1352,30,Male,Coat,Outerwear,31
1353,65,Male,Hat,Accessories,89
1354,39,Male,Pants,Clothing,83
1355,64,Male,Backpack,Accessories,42
1356,59,Male,Shorts,Clothing,91
1357,49,Male,Jacket,Outerwear,61
1358,24,Male,Backpack,Accessories,66
1359,19,Male,Scarf,Accessories,22
1360,27,Male,Hoodie,Clothing,68
1361,56,Male,Skirt,Clothing,43
1362,49,Male,Dress,Clothing,32
1363,41,Male,Coat,Outerwear,46
1364,36,Male,Blouse,Clothing,90
1365,68,Male,Hat,Accessories,75
1366,28,Male,Handbag,Accessories,69
1367,45,Male,Belt,Accessories,40
1368,60,Male,Belt,Accessories,63
1369,21,Male,Shirt,Clothing,36
1370,32,Male,Shoes,Footwear,75
1371,27,Male,Scarf,Accessories,67
1372,40,Male,Pants,Clothing,64
1373,64,Male,Blouse,Clothing,61
1374,18,Male,Gloves,Accessories,40
1375,22,Male,Handbag,Accessories,97
1376,42,Male,Sneakers,Footwear,31
1377,57,Male,Sandals,Footwear,65
1378,33,Male,Sunglasses,Accessories,54
1379,37,Male,Jacket,Outerwear,49
1380,21,Male,T-shirt,Clothing,64
1381,51,Male,Sneakers,Footwear,35
1382,30,Male,Shoes,Footwear,86
1383,68,Male,Jacket,Outerwear,55
1384,36,Male,Scarf,Accessories,58
1385,46,Male,Sneakers,Footwear,96
1386,41,Male,Jewelry,Accessories,64
1387,68,Male,Jacket,Outerwear,56
1388,21,Male,Blouse,Clothing,85
1389,62,Male,Dress,Clothing,23
1390,59,Male,Scarf,Accessories,72
1391,25,Male,Hat,Accessories,38
1392,53,Male,Blouse,Clothing,29
1393,31,Male,Gloves,Accessories,46
1394,46,Male,Gloves,Accessories,58
1395,26,Male,Coat,Outerwear,43
1396,47,Male,Scarf,Accessories,32
1397,37,Male,Pants,Clothing,30
1398,55,Male,Sunglasses,Accessories,67
1399,30,Male,Dress,Clothing,45
1400,19,Male,Hat,Accessories,81
1401,36,Male,Backpack,Accessories,23
1402,23,Male,Sandals,Footwear,59
1403,62,Male,Sunglasses,Accessories,21
1404,26,Male,Backpack,Accessories,20
1405,36,Male,Jewelry,Accessories,28
1406,33,Male,Socks,Clothing,100
1407,32,Male,Shirt,Clothing,46
1408,56,Male,Handbag,Accessories,61
1409,58,Male,Blouse,Clothing,58
1410,34,Male,Backpack,Accessories,50
1411,61,Male,Hat,Accessories,93
1412,48,Male,Skirt,Clothing,24
1413,25,Male,Shorts,Clothing,100
1414,51,Male,Blouse,Clothing,79
1415,29,Male,Socks,Clothing,51
1416,54,Male,Belt,Accessories,90
1417,48,Male,Boots,Footwear,56
1418,62,Male,Shorts,Clothing,25
1419,18,Male,Shirt,Clothing,75
1420,43,Male,Handbag,Accessories,75
1421,22,Male,Jeans,Clothing,53
1422,68,Male,Dress,Clothing,100
1423,44,Male,Dress,Clothing,27
1424,51,Male,Sandals,Footwear,60
1425,66,Male,Jacket,Outerwear,23
1426,59,Male,Coat,Outerwear,40
1427,60,Male,Pants,Clothing,38
1428,31,Male,Backpack,Accessories,90
1429,20,Male,Blouse,Clothing,97
1430,24,Male,Skirt,Clothing,38
1431,48,Male,Sandals,Footwear,30
1432,39,Male,Pants,Clothing,88
1433,34,Male,Hat,Accessories,33
1434,70,Male,Hoodie,Clothing,60
1435,59,Male,Sweater,Clothing,64
1436,45,Male,Scarf,Accessories,95
1437,35,Male,Sneakers,Footwear,83
1438,69,Male,Boots,Footwear,97
1439,58,Male,Coat,Outerwear,38
1440,25,Male,Boots,Footwear,48
1441,27,Male,Sandals,Footwear,76
1442,34,Male,Pants,Clothing,25
1443,53,Male,Hoodie,Clothing,92
1444,58,Male,Sandals,Footwear,47
1445,32,Male,Sweater,Clothing,36
1446,64,Male,Belt,Accessories,51
1447,63,Male,Jeans,Clothing,35
1448,23,Male,Hoodie,Clothing,57
1449,64,Male,Boots,Footwear,95
1450,18,Male,Socks,Clothing,41
1451,25,Male,Dress,Clothing,44
1452,54,Male,Jacket,Outerwear,34
1453,60,Male,Jacket,Outerwear,25
1454,36,Male,Boots,Footwear,93
1455,66,Male,Sneakers,Footwear,50
1456,60,Male,Pants,Clothing,79
1457,59,Male,Coat,Outerwear,100
1458,58,Male,Shirt,Clothing,57
1459,35,Male,Sweater,Clothing,28
1460,20,Male,Shoes,Footwear,35
1461,70,Male,Boots,Footwear,85
1462,54,Male,Sunglasses,Accessories,95
1463,38,Male,Sneakers,Footwear,90
1464,54,Male,Jewelry,Accessories,49
1465,33,Male,Belt,Accessories,92
1466,46,Male,Gloves,Accessories,72
1467,58,Male,Shorts,Clothing,71
1468,30,Male,Jewelry,Accessories,27
1469,42,Male,Gloves,Accessories,39
1470,28,Male,Jewelry,Accessories,98
1471,43,Male,Sandals,Footwear,27
1472,31,Male,Jewelry,Accessories,71
1473,39,Male,Hat,Accessories,24
1474,69,Male,Shorts,Clothing,63
1475,31,Male,Sweater,Clothing,72
1476,44,Male,Blouse,Clothing,61
1477,39,Male,Hat,Accessories,56
1478,24,Male,Belt,Accessories,32
1479,28,Male,Gloves,Accessories,23
1480,48,Male,Coat,Outerwear,100
1481,39,Male,Jewelry,Accessories,74
1482,64,Male,Skirt,Clothing,33
1483,28,Male,Gloves,Accessories,67
1484,39,Male,Jewelry,Accessories,61
1485,49,Male,Shorts,Clothing,46
1486,22,Male,Gloves,Accessories,56
1487,25,Male,Sneakers,Footwear,73
1488,40,Male,Skirt,Clothing,44
1489,23,Male,Hat,Accessories,44
1490,24,Male,Jewelry,Accessories,26
1491,66,Male,Sneakers,Footwear,52
1492,27,Male,Shirt,Clothing,54
1493,62,Male,Jacket,Outerwear,38
1494,70,Male,Belt,Accessories,44
1495,43,Male,T-shirt,Clothing,76
1496,45,Male,Jewelry,Accessories,23
1497,63,Male,T-shirt,Clothing,98
1498,69,Male,Jacket,Outerwear,33
1499,59,Male,Sweater,Clothing,32
1500,19,Male,Boots,Footwear,85
1501,63,Male,Jeans,Clothing,69
1502,37,Male,Jeans,Clothing,55
1503,37,Male,Pants,Clothing,66
1504,50,Male,Jacket,Outerwear,30
1505,60,Male,Jacket,Outerwear,80
1506,46,Male,Belt,Accessories,20
1507,35,Male,Shirt,Clothing,30
1508,66,Male,Dress,Clothing,86
1509,35,Male,Blouse,Clothing,84
1510,20,Male,Dress,Clothing,54
1511,55,Male,Blouse,Clothing,30
1512,34,Male,Dress,Clothing,91
1513,60,Male,Sneakers,Footwear,23
1514,22,Male,Socks,Clothing,35
1515,26,Male,Shoes,Footwear,90
1516,39,Male,Jeans,Clothing,93
1517,20,Male,Jeans,Clothing,68
1518,57,Male,Gloves,Accessories,41
1519,68,Male,Belt,Accessories,73
1520,50,Male,Sunglasses,Accessories,73
1521,21,Male,Hat,Accessories,66
1522,29,Male,Backpack,Accessories,59
1523,38,Male,Shorts,Clothing,72
1524,54,Male,Socks,Clothing,88
1525,22,Male,Socks,Clothing,76
1526,29,Male,Belt,Accessories,31
1527,41,Male,Jacket,Outerwear,22
1528,26,Male,Hat,Accessories,75
1529,69,Male,T-shirt,Clothing,75
1530,20,Male,Backpack,Accessories,63
1531,59,Male,Coat,Outerwear,21
1532,63,Male,Backpack,Accessories,83
1533,68,Male,Jacket,Outerwear,46
1534,50,Male,Shoes,Footwear,59
1535,55,Male,Blouse,Clothing,66
1536,36,Male,Sandals,Footwear,74
1537,18,Male,Sunglasses,Accessories,82
1538,68,Male,Shoes,Footwear,89
1539,56,Male,Dress,Clothing,65
1540,32,Male,Belt,Accessories,55
1541,28,Male,Shorts,Clothing,95
1542,24,Male,Handbag,Accessories,77
1543,59,Male,Blouse,Clothing,44
1544,56,Male,Jeans,Clothing,89
1545,30,Male,Jewelry,Accessories,24
1546,48,Male,Belt,Accessories,43
1547,60,Male,Sneakers,Footwear,51
1548,46,Male,Hat,Accessories,46
1549,69,Male,Dress,Clothing,32
1550,19,Male,Sneakers,Footwear,55
1551,66,Male,Sunglasses,Accessories,26
1552,64,Male,Handbag,Accessories,29
1553,54,Male,Blouse,Clothing,49
1554,27,Male,Blouse,Clothing,45
1555,64,Male,Shorts,Clothing,48
1556,43,Male,Shorts,Clothing,47
1557,43,Male,Hoodie,Clothing,57
1558,27,Male,Backpack,Accessories,34
1559,35,Male,Sunglasses,Accessories,75
1560,43,Male,Scarf,Accessories,94
1561,57,Male,Hat,Accessories,84
1562,50,Male,Scarf,Accessories,38
1563,37,Male,Scarf,Accessories,75
1564,68,Male,Pants,Clothing,44
1565,22,Male,Backpack,Accessories,33
1566,58,Male,Sunglasses,Accessories,93
1567,48,Male,Sneakers,Footwear,99
1568,30,Male,Backpack,Accessories,33
1569,51,Male,Sneakers,Footwear,76
1570,20,Male,Skirt,Clothing,63
1571,30,Male,Pants,Clothing,41
1572,28,Male,Jewelry,Accessories,88
1573,37,Male,Skirt,Clothing,92
1574,36,Male,T-shirt,Clothing,31
1575,18,Male,Skirt,Clothing,25
1576,52,Male,Shirt,Clothing,28
1577,56,Male,Dress,Clothing,75
1578,68,Male,Boots,Footwear,34
1579,62,Male,Pants,Clothing,97
1580,35,Male,Jacket,Outerwear,80
1581,65,Male,Sneakers,Footwear,71
1582,69,Male,Jewelry,Accessories,77
1583,28,Male,Belt,Accessories,41
1584,37,Male,Scarf,Accessories,92
1585,41,Male,Blouse,Clothing,95
1586,37,Male,Sweater,Clothing,25
1587,25,Male,Boots,Footwear,77
1588,41,Male,Socks,Clothing,99
1589,48,Male,Belt,Accessories,24
1590,42,Male,Sneakers,Footwear,72
1591,54,Male,Jeans,Clothing,80
1592,18,Male,Skirt,Clothing,100
1593,56,Male,Shoes,Footwear,83
1594,61,Male,Dress,Clothing,95
1595,40,Male,Handbag,Accessories,41
1596,34,Male,Backpack,Accessories,35
1597,42,Male,Jewelry,Accessories,30
1598,43,Male,Hat,Accessories,21
1599,47,Male,Jewelry,Accessories,85
1600,48,Male,Shirt,Clothing,54
1601,20,Male,Boots,Footwear,26
1602,65,Male,Shirt,Clothing,59
1603,54,Male,Sunglasses,Accessories,48
1604,23,Male,Shorts,Clothing,98
1605,18,Male,Sweater,Clothing,92
1606,70,Male,Belt,Accessories,46
1607,55,Male,T-shirt,Clothing,21
1608,49,Male,Shorts,Clothing,72
1609,26,Male,Sandals,Footwear,58
1610,33,Male,Shirt,Clothing,93
1611,20,Male,Socks,Clothing,31
1612,41,Male,Pants,Clothing,26
1613,18,Male,Skirt,Clothing,68
1614,26,Male,Jewelry,Accessories,31
1615,30,Male,T-shirt,Clothing,41
1616,64,Male,Jewelry,Accessories,62
1617,26,Male,Hat,Accessories,41
1618,43,Male,Blouse,Clothing,64
1619,63,Male,Sandals,Footwear,72
1620,57,Male,Handbag,Accessories,78
1621,25,Male,Hat,Accessories,47
1622,68,Male,Scarf,Accessories,46
1623,31,Male,Shorts,Clothing,43
1624,64,Male,Backpack,Accessories,58
1625,38,Male,Sweater,Clothing,32
1626,34,Male,Skirt,Clothing,45
1627,32,Male,Sneakers,Footwear,35
1628,69,Male,Sunglasses,Accessories,21
1629,45,Male,Dress,Clothing,64
1630,35,Male,Blouse,Clothing,88
1631,63,Male,Shoes,Footwear,48
1632,65,Male,Sweater,Clothing,36
1633,35,Male,Gloves,Accessories,28
1634,54,Male,Socks,Clothing,80
1635,28,Male,Coat,Outerwear,23
1636,68,Male,Sunglasses,Accessories,24
1637,58,Male,Boots,Footwear,22
1638,35,Male,Dress,Clothing,21
1639,68,Male,Jacket,Outerwear,51
1640,41,Male,Gloves,Accessories,65
1641,65,Male,Scarf,Accessories,51
1642,50,Male,Hoodie,Clothing,32
1643,18,Male,Coat,Outerwear,70
1644,38,Male,Scarf,Accessories,77
1645,68,Male,Coat,Outerwear,90
1646,53,Male,Scarf,Accessories,36
1647,58,Male,Handbag,Accessories,77
1648,34,Male,Boots,Footwear,78
1649,36,Male,Pants,Clothing,69
1650,58,Male,T-shirt,Clothing,63
1651,60,Male,Scarf,Accessories,36
1652,59,Male,Coat,Outerwear,80
1653,65,Male,Sweater,Clothing,35
1654,31,Male,Belt,Accessories,93
1655,43,Male,Belt,Accessories,25
1656,37,Male,Sweater,Clothing,81
1657,21,Male,Blouse,Clothing,42
1658,69,Male,Skirt,Clothing,36
1659,32,Male,Jewelry,Accessories,66
1660,53,Male,Gloves,Accessories,37
1661,59,Male,T-shirt,Clothing,45
1662,64,Male,Gloves,Accessories,86
1663,63,Male,Sunglasses,Accessories,24
1664,43,Male,Shirt,Clothing,22
1665,19,Male,Handbag,Accessories,53
1666,40,Male,Jacket,Outerwear,41
1667,51,Male,Skirt,Clothing,64
1668,51,Male,Handbag,Accessories,40
1669,66,Male,Blouse,Clothing,33
1670,42,Male,T-shirt,Clothing,59
1671,22,Male,Pants,Clothing,73
1672,31,Male,Hoodie,Clothing,22
1673,18,Male,Boots,Footwear,73
1674,21,Male,Blouse,Clothing,62
1675,35,Male,Coat,Outerwear,56
1676,35,Male,Pants,Clothing,90
1677,27,Male,Sunglasses,Accessories,44
1678,65,Male,Jeans,Clothing,35
1679,41,Male,Pants,Clothing,71
1680,60,Male,Dress,Clothing,52
1681,61,Male,Shoes,Footwear,37
1682,24,Male,Sneakers,Footwear,95
1683,65,Male,Socks,Clothing,97
1684,23,Male,Coat,Outerwear,57
1685,30,Male,Shirt,Clothing,93
1686,33,Male,Blouse,Clothing,48
1687,22,Male,Gloves,Accessories,75
1688,67,Male,Skirt,Clothing,70
1689,28,Male,Handbag,Accessories,26
1690,32,Male,Shirt,Clothing,73
1691,40,Male,Coat,Outerwear,30
1692,64,Male,Shoes,Footwear,61
1693,56,Male,Handbag,Accessories,75
1694,63,Male,Jacket,Outerwear,88
1695,20,Male,Shirt,Clothing,67
1696,54,Male,Hat,Accessories,95
1697,31,Male,Sunglasses,Accessories,69
1698,36,Male,Shirt,Clothing,87
1699,25,Male,Belt,Accessories,41
1700,20,Male,Sweater,Clothing,67
1701,62,Male,Hoodie,Clothing,70
1702,69,Male,Handbag,Accessories,41
1703,54,Male,Jeans,Clothing,83
1704,39,Male,Backpack,Accessories,22
1705,56,Male,Sneakers,Footwear,20
1706,39,Male,Jewelry,Accessories,29
1707,37,Male,Sunglasses,Accessories,87
1708,25,Male,Shorts,Clothing,81
1709,35,Male,Boots,Footwear,58
1710,45,Male,Skirt,Clothing,83
1711,19,Male,Pants,Clothing,59
1712,21,Male,T-shirt,Clothing,93
1713,65,Male,T-shirt,Clothing,87
1714,49,Male,Jacket,Outerwear,22
1715,30,Male,Jeans,Clothing,71
1716,23,Male,Dress,Clothing,69
1717,69,Male,Blouse,Clothing,47
1718,29,Male,Hoodie,Clothing,50
1719,54,Male,T-shirt,Clothing,96
1720,45,Male,Sweater,Clothing,39
1721,25,Male,Shorts,Clothing,84
1722,34,Male,Jewelry,Accessories,28
1723,46,Male,T-shirt,Clothing,51
1724,70,Male,Scarf,Accessories,20
1725,42,Male,Shoes,Footwear,72
1726,45,Male,Sunglasses,Accessories,33
1727,57,Male,Coat,Outerwear,28
1728,49,Male,Blouse,Clothing,53
1729,23,Male,Jeans,Clothing,48
1730,47,Male,Shorts,Clothing,21
1731,23,Male,Shirt,Clothing,22
1732,21,Male,Backpack,Accessories,87
1733,45,Male,Belt,Accessories,50
1734,67,Male,Blouse,Clothing,85
1735,31,Male,Jeans,Clothing,98
1736,58,Male,Dress,Clothing,34
1737,57,Male,Shorts,Clothing,61
1738,42,Male,Jewelry,Accessories,98
1739,60,Male,Handbag,Accessories,61
1740,21,Male,Jewelry,Accessories,98
1741,69,Male,Pants,Clothing,21
1742,41,Male,Pants,Clothing,51
1743,51,Male,Sandals,Footwear,80
1744,23,Male,Skirt,Clothing,72
1745,57,Male,Sunglasses,Accessories,63
1746,40,Male,Skirt,Clothing,27
1747,65,Male,Handbag,Accessories,44
1748,61,Male,Coat,Outerwear,23
1749,34,Male,Skirt,Clothing,93
1750,43,Male,Hoodie,Clothing,70
1751,31,Male,Sunglasses,Accessories,85
1752,57,Male,Sweater,Clothing,40
1753,34,Male,Boots,Footwear,29
1754,25,Male,Skirt,Clothing,27
1755,66,Male,Dress,Clothing,93
1756,56,Male,Belt,Accessories,20
1757,49,Male,Jewelry,Accessories,55
1758,19,Male,Dress,Clothing,94
1759,27,Male,Hat,Accessories,56
1760,68,Male,Sweater,Clothing,58
1761,20,Male,Skirt,Clothing,44
1762,21,Male,Hoodie,Clothing,95
1763,36,Male,Sandals,Footwear,42
1764,37,Male,Jewelry,Accessories,93
1765,61,Male,Dress,Clothing,56
1766,68,Male,Hoodie,Clothing,88
1767,60,Male,Sweater,Clothing,54
1768,69,Male,Jewelry,Accessories,89
1769,25,Male,Sandals,Footwear,45
1770,32,Male,Socks,Clothing,75
1771,53,Male,Backpack,Accessories,22
1772,46,Male,Shirt,Clothing,82
1773,58,Male,Shoes,Footwear,34
1774,21,Male,Coat,Outerwear,92
1775,46,Male,Sweater,Clothing,78
1776,18,Male,Jacket,Outerwear,47
1777,56,Male,Jacket,Outerwear,64
1778,18,Male,Sneakers,Footwear,44
1779,49,Male,Belt,Accessories,94
1780,29,Male,Scarf,Accessories,62
1781,67,Male,Jewelry,Accessories,81
1782,31,Male,T-shirt,Clothing,33
1783,52,Male,Pants,Clothing,88
1784,42,Male,Handbag,Accessories,49
1785,32,Male,Backpack,Accessories,31
1786,47,Male,Gloves,Accessories,29
1787,45,Male,Jacket,Outerwear,34
1788,20,Male,Sweater,Clothing,38
1789,66,Male,Blouse,Clothing,41
1790,52,Male,Blouse,Clothing,34
1791,50,Male,Gloves,Accessories,26
1792,62,Male,Jeans,Clothing,98
1793,38,Male,Sneakers,Footwear,59
1794,65,Male,Hat,Accessories,92
1795,60,Male,Backpack,Accessories,40
1796,68,Male,Jeans,Clothing,20
1797,62,Male,Skirt,Clothing,35
1798,62,Male,Belt,Accessories,35
1799,40,Male,Dress,Clothing,82
1800,32,Male,Hoodie,Clothing,48
1801,22,Male,Coat,Outerwear,58
1802,33,Male,Sweater,Clothing,57
1803,57,Male,Shorts,Clothing,96
1804,60,Male,Sneakers,Footwear,97
1805,30,Male,Sweater,Clothing,42
1806,41,Male,T-shirt,Clothing,62
1807,58,Male,Handbag,Accessories,67
1808,34,Male,Sneakers,Footwear,46
1809,67,Male,Jacket,Outerwear,71
1810,58,Male,Backpack,Accessories,99
1811,41,Male,Jeans,Clothing,28
1812,42,Male,Belt,Accessories,77
1813,50,Male,Boots,Footwear,63
1814,40,Male,Shorts,Clothing,62
1815,32,Male,Jeans,Clothing,92
1816,51,Male,Shoes,Footwear,72
1817,26,Male,Hat,Accessories,79
1818,32,Male,T-shirt,Clothing,27
1819,58,Male,Sunglasses,Accessories,39
1820,51,Male,Socks,Clothing,86
1821,19,Male,Shirt,Clothing,94
1822,57,Male,Shorts,Clothing,53
1823,66,Male,Shirt,Clothing,85
1824,62,Male,Socks,Clothing,50
1825,58,Male,Pants,Clothing,47
1826,23,Male,Boots,Footwear,75
1827,45,Male,T-shirt,Clothing,60
1828,20,Male,T-shirt,Clothing,36
1829,33,Male,Coat,Outerwear,80
1830,30,Male,Hat,Accessories,96
1831,50,Male,Sunglasses,Accessories,80
1832,62,Male,Blouse,Clothing,71
1833,69,Male,Jewelry,Accessories,29
1834,34,Male,Jewelry,Accessories,53
1835,49,Male,Skirt,Clothing,35
1836,65,Male,Scarf,Accessories,75
1837,66,Male,Pants,Clothing,52
1838,41,Male,Hat,Accessories,77
1839,37,Male,Gloves,Accessories,24
1840,32,Male,Shirt,Clothing,78
1841,42,Male,Sandals,Footwear,98
1842,31,Male,Socks,Clothing,57
1843,61,Male,Handbag,Accessories,78
1844,36,Male,Jacket,Outerwear,76
1845,60,Male,Shorts,Clothing,26
1846,51,Male,Sandals,Footwear,78
1847,68,Male,Scarf,Accessories,53
1848,46,Male,Sandals,Footwear,100
1849,19,Male,Jeans,Clothing,73
1850,30,Male,Skirt,Clothing,40
1851,51,Male,Gloves,Accessories,76
1852,28,Male,Skirt,Clothing,80
1853,41,Male,Sweater,Clothing,80
1854,29,Male,Blouse,Clothing,67
1855,25,Male,Sweater,Clothing,61
1856,60,Male,Shirt,Clothing,76
1857,63,Male,Jewelry,Accessories,55
1858,51,Male,T-shirt,Clothing,85
1859,22,Male,Scarf,Accessories,69
1860,54,Male,Belt,Accessories,26
1861,18,Male,T-shirt,Clothing,64
1862,29,Male,Sneakers,Footwear,60
1863,59,Male,Gloves,Accessories,36
1864,25,Male,Sandals,Footwear,21
1865,19,Male,Backpack,Accessories,72
1866,56,Male,Pants,Clothing,62
1867,31,Male,T-shirt,Clothing,44
1868,45,Male,Skirt,Clothing,52
1869,23,Male,Gloves,Accessories,58
1870,18,Male,Blouse,Clothing,77
1871,43,Male,Blouse,Clothing,99
1872,56,Male,Jeans,Clothing,96
1873,43,Male,T-shirt,Clothing,64
1874,64,Male,Sweater,Clothing,44
1875,67,Male,Pants,Clothing,33
1876,63,Male,Boots,Footwear,71
1877,54,Male,Skirt,Clothing,36
1878,69,Male,Gloves,Accessories,62
1879,34,Male,Socks,Clothing,29
1880,56,Male,T-shirt,Clothing,33
1881,34,Male,Blouse,Clothing,33
1882,58,Male,Blouse,Clothing,41
1883,44,Male,Scarf,Accessories,54
1884,25,Male,Backpack,Accessories,58
1885,27,Male,Shorts,Clothing,30
1886,26,Male,Jewelry,Accessories,53
1887,18,Male,Gloves,Accessories,91
1888,64,Male,Hoodie,Clothing,44
1889,62,Male,Hoodie,Clothing,89
1890,59,Male,Skirt,Clothing,57
1891,36,Male,Sunglasses,Accessories,57
1892,69,Male,Jewelry,Accessories,74
1893,39,Male,Jacket,Outerwear,30
1894,28,Male,Dress,Clothing,20
1895,42,Male,Hoodie,Clothing,90
1896,31,Male,Jeans,Clothing,61
1897,57,Male,Sandals,Footwear,51
1898,53,Male,Sunglasses,Accessories,97
1899,59,Male,Pants,Clothing,97
1900,32,Male,Shorts,Clothing,40
1901,65,Male,Jewelry,Accessories,85
1902,56,Male,Socks,Clothing,76
1903,31,Male,Sandals,Footwear,22
1904,59,Male,Pants,Clothing,63
1905,22,Male,T-shirt,Clothing,71
1906,47,Male,Boots,Footwear,35
1907,23,Male,Backpack,Accessories,30
1908,69,Male,Skirt,Clothing,74
1909,18,Male,Scarf,Accessories,71
1910,50,Male,Sweater,Clothing,84
1911,29,Male,Sandals,Footwear,38
1912,65,Male,Jewelry,Accessories,81
1913,29,Male,Sweater,Clothing,56
1914,49,Male,Skirt,Clothing,48
1915,28,Male,Shorts,Clothing,97
1916,51,Male,Backpack,Accessories,74
1917,26,Male,Hoodie,Clothing,50
1918,38,Male,Skirt,Clothing,71
1919,35,Male,Skirt,Clothing,33
1920,34,Male,Backpack,Accessories,56
1921,51,Male,Blouse,Clothing,84
1922,47,Male,Shirt,Clothing,36
1923,18,Male,Gloves,Accessories,63
1924,64,Male,Sandals,Footwear,36
1925,30,Male,Jacket,Outerwear,63
1926,59,Male,Sneakers,Footwear,32
1927,66,Male,Backpack,Accessories,93
1928,40,Male,Pants,Clothing,29
1929,25,Male,Sunglasses,Accessories,92
1930,59,Male,Jeans,Clothing,33
1931,66,Male,Pants,Clothing,52
1932,54,Male,Jewelry,Accessories,42
1933,42,Male,Hoodie,Clothing,36
1934,48,Male,Sandals,Footwear,67
1935,34,Male,Jacket,Outerwear,43
1936,19,Male,Blouse,Clothing,68
1937,70,Male,Jewelry,Accessories,60
1938,43,Male,Socks,Clothing,53
1939,46,Male,Jeans,Clothing,23
1940,66,Male,Gloves,Accessories,57
1941,50,Male,Hat,Accessories,89
1942,55,Male,Shoes,Footwear,99
1943,63,Male,Pants,Clothing,28
1944,32,Male,Socks,Clothing,53
1945,30,Male,Hoodie,Clothing,45
1946,35,Male,Hoodie,Clothing,38
1947,59,Male,Pants,Clothing,49
1948,59,Male,Shirt,Clothing,32
1949,54,Male,T-shirt,Clothing,37
1950,63,Male,Dress,Clothing,80
1951,43,Male,Backpack,Accessories,78
1952,33,Male,Gloves,Accessories,53
1953,57,Male,Shoes,Footwear,82
1954,25,Male,Skirt,Clothing,33
1955,26,Male,Gloves,Accessories,77
1956,50,Male,Hoodie,Clothing,56
1957,70,Male,Socks,Clothing,37
1958,68,Male,Gloves,Accessories,54
1959,39,Male,Shorts,Clothing,67
1960,46,Male,Shoes,Footwear,90
1961,57,Male,Jeans,Clothing,72
1962,47,Male,Boots,Footwear,59
1963,40,Male,Hat,Accessories,45
1964,52,Male,Shorts,Clothing,30
1965,40,Male,Pants,Clothing,51
1966,67,Male,Sweater,Clothing,90
1967,67,Male,Jacket,Outerwear,95
1968,37,Male,Dress,Clothing,81
1969,67,Male,Shirt,Clothing,70
1970,64,Male,Dress,Clothing,32
1971,28,Male,Belt,Accessories,94
1972,54,Male,Hat,Accessories,29
1973,54,Male,Backpack,Accessories,31
1974,24,Male,Skirt,Clothing,20
1975,27,Male,Gloves,Accessories,44
1976,53,Male,Jacket,Outerwear,77
1977,32,Male,Handbag,Accessories,51
1978,24,Male,Sandals,Footwear,49
1979,45,Male,Sunglasses,Accessories,78
1980,49,Male,Jeans,Clothing,98
1981,51,Male,Sandals,Footwear,94
1982,69,Male,Shoes,Footwear,91
1983,41,Male,Sunglasses,Accessories,77
1984,59,Male,Scarf,Accessories,97
1985,26,Male,Skirt,Clothing,58
1986,23,Male,Gloves,Accessories,97
1987,62,Male,Coat,Outerwear,48
1988,69,Male,Belt,Accessories,23
1989,46,Male,Pants,Clothing,79
1990,35,Male,Jewelry,Accessories,42
1991,32,Male,Backpack,Accessories,95
1992,46,Male,Sneakers,Footwear,29
1993,33,Male,Hoodie,Clothing,98
1994,32,Male,Blouse,Clothing,96
1995,33,Male,Sunglasses,Accessories,66
1996,67,Male,Boots,Footwear,80
1997,67,Male,Sneakers,Footwear,27
1998,42,Male,Backpack,Accessories,25
1999,20,Male,Pants,Clothing,45
2000,39,Male,Socks,Clothing,89
2001,26,Male,Belt,Accessories,27
2002,51,Male,Sunglasses,Accessories,90
2003,31,Male,Shirt,Clothing,65
2004,68,Male,Sneakers,Footwear,72
2005,44,Male,Shoes,Footwear,70
2006,18,Male,Sandals,Footwear,82
2007,58,Male,Scarf,Accessories,97
2008,26,Male,Shirt,Clothing,25
2009,57,Male,Skirt,Clothing,48
2010,37,Male,Boots,Footwear,99
2011,24,Male,Sweater,Clothing,21
2012,57,Male,Sandals,Footwear,94
2013,48,Male,Jeans,Clothing,53
2014,39,Male,Backpack,Accessories,70
2015,51,Male,Skirt,Clothing,26
2016,57,Male,Belt,Accessories,82
2017,53,Male,Shoes,Footwear,47
2018,70,Male,Socks,Clothing,32
2019,60,Male,Backpack,Accessories,97
2020,31,Male,Shirt,Clothing,68
2021,41,Male,Sweater,Clothing,23
2022,62,Male,Handbag,Accessories,33
2023,59,Male,Jewelry,Accessories,38
2024,46,Male,Socks,Clothing,68
2025,62,Male,Socks,Clothing,23
2026,42,Male,Shirt,Clothing,29
2027,37,Male,Scarf,Accessories,35
2028,50,Male,Shoes,Footwear,73
2029,29,Male,Shoes,Footwear,84
2030,25,Male,Scarf,Accessories,23
2031,66,Male,Sunglasses,Accessories,67
2032,21,Male,Socks,Clothing,51
2033,46,Male,Blouse,Clothing,36
2034,57,Male,Jeans,Clothing,55
2035,61,Male,Shorts,Clothing,30
2036,53,Male,T-shirt,Clothing,70
2037,37,Male,Blouse,Clothing,63
2038,39,Male,Belt,Accessories,87
2039,53,Male,Blouse,Clothing,70
2040,35,Male,T-shirt,Clothing,51
2041,69,Male,Jewelry,Accessories,25
2042,66,Male,Jacket,Outerwear,32
2043,19,Male,Shoes,Footwear,52
2044,47,Male,Gloves,Accessories,33
2045,49,Male,Jeans,Clothing,68
2046,31,Male,Jewelry,Accessories,20
2047,39,Male,Pants,Clothing,32
2048,58,Male,Jewelry,Accessories,82
2049,45,Male,Sneakers,Footwear,64
2050,68,Male,Boots,Footwear,24
2051,35,Male,Hat,Accessories,96
2052,65,Male,T-shirt,Clothing,94
2053,45,Male,Backpack,Accessories,48
2054,19,Male,Sunglasses,Accessories,60
2055,65,Male,Sweater,Clothing,56
2056,28,Male,Handbag,Accessories,33
2057,55,Male,Backpack,Accessories,46
2058,66,Male,Socks,Clothing,37
2059,29,Male,Shirt,Clothing,98
2060,56,Male,Shorts,Clothing,50
2061,21,Male,Belt,Accessories,63
2062,32,Male,Sweater,Clothing,70
2063,54,Male,Coat,Outerwear,63
2064,61,Male,Shorts,Clothing,86
2065,31,Male,Shoes,Footwear,99
2066,27,Male,Sneakers,Footwear,40
2067,64,Male,Sneakers,Footwear,92
2068,60,Male,Pants,Clothing,21
2069,70,Male,Jewelry,Accessories,81
2070,36,Male,T-shirt,Clothing,82
2071,56,Male,Jewelry,Accessories,88
2072,69,Male,Jacket,Outerwear,100
2073,39,Male,Backpack,Accessories,66
2074,38,Male,Belt,Accessories,25
2075,36,Male,Scarf,Accessories,53
2076,46,Male,Sweater,Clothing,28
2077,59,Male,Gloves,Accessories,23
2078,64,Male,Scarf,Accessories,34
2079,49,Male,Dress,Clothing,42
2080,32,Male,Jeans,Clothing,24
2081,29,Male,Sunglasses,Accessories,47
2082,24,Male,Coat,Outerwear,78
2083,41,Male,Jeans,Clothing,89
2084,41,Male,Scarf,Accessories,59
2085,32,Male,Blouse,Clothing,94
2086,69,Male,Jeans,Clothing,49
2087,65,Male,Dress,Clothing,89
2088,54,Male,Hat,Accessories,91
2089,39,Male,Sandals,Footwear,89
2090,37,Male,Jacket,Outerwear,57
2091,51,Male,Socks,Clothing,71
2092,26,Male,Jeans,Clothing,97
2093,42,Male,Sandals,Footwear,45
2094,21,Male,Dress,Clothing,91
2095,53,Male,Socks,Clothing,25
2096,36,Male,Hoodie,Clothing,63
2097,21,Male,Dress,Clothing,52
2098,33,Male,Sneakers,Footwear,43
2099,49,Male,T-shirt,Clothing,28
2100,31,Male,T-shirt,Clothing,78
2101,68,Male,Sweater,Clothing,31
2102,49,Male,Shirt,Clothing,23
2103,23,Male,Hat,Accessories,25
2104,30,Male,Pants,Clothing,86
2105,53,Male,Shoes,Footwear,88
2106,65,Male,Gloves,Accessories,35
2107,60,Male,Jewelry,Accessories,34
2108,46,Male,Pants,Clothing,75
2109,54,Male,Hoodie,Clothing,46
2110,59,Male,Jewelry,Accessories,31
2111,52,Male,Socks,Clothing,93
2112,41,Male,Sunglasses,Accessories,85
2113,43,Male,Belt,Accessories,68
2114,63,Male,Dress,Clothing,40
2115,37,Male,Shirt,Clothing,51
2116,44,Male,Scarf,Accessories,85
2117,67,Male,Jacket,Outerwear,23
2118,27,Male,Dress,Clothing,28
2119,60,Male,Socks,Clothing,44
2120,58,Male,Jewelry,Accessories,57
2121,53,Male,Scarf,Accessories,98
2122,43,Male,Backpack,Accessories,68
2123,32,Male,Jacket,Outerwear,36
2124,54,Male,Coat,Outerwear,71
2125,47,Male,Skirt,Clothing,60
2126,57,Male,Coat,Outerwear,87
2127,63,Male,Shoes,Footwear,38
2128,70,Male,Boots,Footwear,45
2129,62,Male,Coat,Outerwear,47
2130,40,Male,Skirt,Clothing,57
2131,25,Male,Backpack,Accessories,68
2132,19,Male,Shorts,Clothing,52
2133,25,Male,Skirt,Clothing,87
2134,21,Male,Hat,Accessories,34
2135,55,Male,Sandals,Footwear,41
2136,34,Male,Sunglasses,Accessories,94
2137,47,Male,Sunglasses,Accessories,93
2138,27,Male,Socks,Clothing,51
2139,67,Male,Sweater,Clothing,42
2140,40,Male,Boots,Footwear,95
2141,53,Male,Handbag,Accessories,90
2142,24,Male,Dress,Clothing,98
2143,47,Male,Hat,Accessories,39
2144,53,Male,Sandals,Footwear,66
2145,47,Male,Shoes,Footwear,23
2146,38,Male,Skirt,Clothing,73
2147,48,Male,Sunglasses,Accessories,23
2148,47,Male,Skirt,Clothing,43
2149,19,Male,T-shirt,Clothing,45
2150,38,Male,Sandals,Footwear,21
2151,57,Male,Shirt,Clothing,40
2152,70,Male,Jeans,Clothing,58
2153,38,Male,Shorts,Clothing,48
2154,35,Male,Shirt,Clothing,94
2155,46,Male,Scarf,Accessories,74
2156,32,Male,Handbag,Accessories,51
2157,38,Male,Skirt,Clothing,83
2158,41,Male,Handbag,Accessories,68
2159,19,Male,Gloves,Accessories,84
2160,18,Male,Shirt,Clothing,58
2161,45,Male,Blouse,Clothing,92
2162,23,Male,Dress,Clothing,69
2163,60,Male,Shorts,Clothing,48
2164,52,Male,Shoes,Footwear,60
2165,42,Male,Sandals,Footwear,20
2166,29,Male,Pants,Clothing,55
2167,31,Male,Jacket,Outerwear,88
2168,30,Male,Skirt,Clothing,48
2169,23,Male,Handbag,Accessories,74
2170,31,Male,Coat,Outerwear,42
2171,40,Male,Sweater,Clothing,32
2172,39,Male,Shorts,Clothing,98
2173,28,Male,Skirt,Clothing,89
2174,23,Male,Gloves,Accessories,97
2175,42,Male,Backpack,Accessories,49
2176,68,Male,Dress,Clothing,50
2177,24,Male,Belt,Accessories,91
2178,24,Male,Gloves,Accessories,93
2179,21,Male,Jewelry,Accessories,98
2180,49,Male,Socks,Clothing,82
2181,41,Male,Coat,Outerwear,37
2182,22,Male,Handbag,Accessories,63
2183,42,Male,Blouse,Clothing,99
2184,30,Male,Shorts,Clothing,37
2185,38,Male,Shoes,Footwear,34
2186,40,Male,Shorts,Clothing,32
2187,55,Male,Sandals,Footwear,23
2188,37,Male,Blouse,Clothing,78
2189,41,Male,Coat,Outerwear,54
2190,38,Male,Blouse,Clothing,94
2191,42,Male,Belt,Accessories,75
2192,26,Male,Blouse,Clothing,69
2193,41,Male,Scarf,Accessories,35
2194,27,Male,Shirt,Clothing,78
2195,61,Male,Socks,Clothing,29
2196,58,Male,Jeans,Clothing,62
2197,25,Male,Dress,Clothing,58
2198,33,Male,Boots,Footwear,88
2199,57,Male,Scarf,Accessories,80
2200,39,Male,Scarf,Accessories,47
2201,60,Male,Gloves,Accessories,51
2202,39,Male,Pants,Clothing,25
2203,42,Male,Dress,Clothing,36
2204,53,Male,Dress,Clothing,79
2205,20,Male,Jeans,Clothing,41
2206,46,Male,Sweater,Clothing,68
2207,46,Male,Sandals,Footwear,51
2208,69,Male,Handbag,Accessories,38
2209,28,Male,Scarf,Accessories,46
2210,42,Male,Sandals,Footwear,20
2211,30,Male,Sunglasses,Accessories,25
2212,50,Male,Sweater,Clothing,89
2213,59,Male,Pants,Clothing,77
2214,54,Male,Hat,Accessories,94
2215,50,Male,Belt,Accessories,100
2216,25,Male,Sandals,Footwear,96
2217,41,Male,Pants,Clothing,36
2218,35,Male,Jewelry,Accessories,27
2219,67,Male,Sunglasses,Accessories,67
2220,33,Male,Blouse,Clothing,91
2221,19,Male,Belt,Accessories,62
2222,25,Male,Shorts,Clothing,88
2223,32,Male,Pants,Clothing,66
2224,30,Male,Sandals,Footwear,65
2225,18,Male,Gloves,Accessories,25
2226,38,Male,Belt,Accessories,64
2227,22,Male,Shirt,Clothing,72
2228,40,Male,Scarf,Accessories,74
2229,54,Male,Gloves,Accessories,50
2230,70,Male,Pants,Clothing,97
2231,52,Male,Sneakers,Footwear,36
2232,34,Male,Jacket,Outerwear,49
2233,65,Male,Shoes,Footwear,64
2234,38,Male,Blouse,Clothing,31
2235,35,Male,Boots,Footwear,66
2236,40,Male,Socks,Clothing,82
2237,23,Male,T-shirt,Clothing,88
2238,45,Male,Sandals,Footwear,34
2239,40,Male,Sneakers,Footwear,84
2240,42,Male,Jewelry,Accessories,96
2241,57,Male,Sandals,Footwear,71
2242,18,Male,Jacket,Outerwear,77
2243,18,Male,Skirt,Clothing,66
2244,56,Male,Shirt,Clothing,21
2245,35,Male,Shorts,Clothing,37
2246,49,Male,Socks,Clothing,90
2247,49,Male,Jacket,Outerwear,96
2248,34,Male,Jewelry,Accessories,37
2249,63,Male,T-shirt,Clothing,66
2250,42,Male,Gloves,Accessories,45
2251,41,Male,Shoes,Footwear,89
2252,26,Male,Shoes,Footwear,94
2253,48,Male,Shoes,Footwear,96
2254,62,Male,Hoodie,Clothing,31
2255,24,Male,Belt,Accessories,79
2256,48,Male,Coat,Outerwear,39
2257,31,Male,Blouse,Clothing,22
2258,41,Male,Skirt,Clothing,32
2259,24,Male,T-shirt,Clothing,71
2260,60,Male,Jeans,Clothing,96
2261,38,Male,Scarf,Accessories,82
2262,58,Male,Backpack,Accessories,76
2263,53,Male,Backpack,Accessories,22
2264,44,Male,Scarf,Accessories,40
2265,51,Male,Hat,Accessories,92
2266,36,Male,Coat,Outerwear,94
2267,20,Male,Dress,Clothing,44
2268,32,Male,Gloves,Accessories,49
2269,66,Male,Sweater,Clothing,26
2270,49,Male,Skirt,Clothing,38
2271,27,Male,Blouse,Clothing,72
2272,29,Male,Dress,Clothing,99
2273,29,Male,Jacket,Outerwear,38
2274,55,Male,Coat,Outerwear,96
2275,57,Male,Dress,Clothing,27
2276,29,Male,Shorts,Clothing,24
2277,31,Male,Jeans,Clothing,82
2278,25,Male,Hat,Accessories,56
2279,61,Male,Gloves,Accessories,25
2280,53,Male,Sneakers,Footwear,67
2281,22,Male,Shoes,Footwear,21
2282,28,Male,Hoodie,Clothing,27
2283,18,Male,Sneakers,Footwear,97
2284,44,Male,Handbag,Accessories,45
2285,32,Male,Blouse,Clothing,63
2286,34,Male,Belt,Accessories,100
2287,67,Male,Socks,Clothing,38
2288,66,Male,Blouse,Clothing,45
2289,28,Male,Jewelry,Accessories,91
2290,70,Male,Shorts,Clothing,82
2291,37,Male,Boots,Footwear,48
2292,28,Male,Coat,Outerwear,30
2293,43,Male,T-shirt,Clothing,34
2294,37,Male,Sweater,Clothing,68
2295,54,Male,Sunglasses,Accessories,95
2296,50,Male,Hat,Accessories,22
2297,46,Male,Gloves,Accessories,88
2298,60,Male,Socks,Clothing,83
2299,40,Male,Handbag,Accessories,87
2300,64,Male,Coat,Outerwear,57
2301,18,Male,Coat,Outerwear,88
2302,37,Male,Pants,Clothing,20
2303,36,Male,Belt,Accessories,39
2304,51,Male,Sunglasses,Accessories,71
2305,26,Male,Hoodie,Clothing,73
2306,68,Male,Handbag,Accessories,63
2307,27,Male,Gloves,Accessories,78
2308,28,Male,Skirt,Clothing,96
2309,49,Male,Sunglasses,Accessories,81
2310,70,Male,Dress,Clothing,95
2311,30,Male,Gloves,Accessories,68
2312,27,Male,Sneakers,Footwear,28
2313,19,Male,T-shirt,Clothing,30
2314,64,Male,Dress,Clothing,31
2315,42,Male,Handbag,Accessories,95
2316,69,Male,Socks,Clothing,79
2317,28,Male,Sneakers,Footwear,39
2318,47,Male,Jacket,Outerwear,34
2319,69,Male,Hoodie,Clothing,28
2320,56,Male,Sandals,Footwear,38
2321,28,Male,Shoes,Footwear,55
2322,50,Male,Sandals,Footwear,31
2323,39,Male,Coat,Outerwear,84
2324,35,Male,Gloves,Accessories,93
2325,59,Male,Coat,Outerwear,28
2326,44,Male,Boots,Footwear,55
2327,66,Male,Skirt,Clothing,63
2328,20,Male,Skirt,Clothing,94
2329,45,Male,Pants,Clothing,36
2330,49,Male,Hat,Accessories,97
2331,60,Male,Backpack,Accessories,63
2332,61,Male,Scarf,Accessories,77
2333,36,Male,Scarf,Accessories,53
2334,33,Male,Shirt,Clothing,77
2335,49,Male,Boots,Footwear,79
2336,31,Male,Coat,Outerwear,37
2337,19,Male,Belt,Accessories,94
2338,39,Male,Boots,Footwear,76
2339,66,Male,Sneakers,Footwear,68
2340,25,Male,Shirt,Clothing,65
2341,63,Male,Blouse,Clothing,24
2342,56,Male,Jacket,Outerwear,31
2343,20,Male,Skirt,Clothing,89
2344,58,Male,Socks,Clothing,49
2345,34,Male,Sandals,Footwear,92
2346,28,Male,T-shirt,Clothing,32
2347,22,Male,Jacket,Outerwear,67
2348,37,Male,Belt,Accessories,64
2349,54,Male,Shoes,Footwear,84
2350,65,Male,Blouse,Clothing,34
2351,57,Male,Shoes,Footwear,26
2352,38,Male,Sweater,Clothing,50
2353,70,Male,Boots,Footwear,46
2354,56,Male,Handbag,Accessories,71
2355,56,Male,Blouse,Clothing,78
2356,22,Male,Skirt,Clothing,35
2357,57,Male,Backpack,Accessories,58
2358,53,Male,Shirt,Clothing,67
2359,53,Male,Sweater,Clothing,93
2360,19,Male,Scarf,Accessories,81
2361,49,Male,Handbag,Accessories,80
2362,44,Male,Scarf,Accessories,64
2363,27,Male,Jeans,Clothing,41
2364,60,Male,Socks,Clothing,79
2365,62,Male,Sunglasses,Accessories,60
2366,52,Male,Sneakers,Footwear,91
2367,30,Male,Shoes,Footwear,66
2368,66,Male,Socks,Clothing,85
2369,29,Male,Sunglasses,Accessories,38
2370,24,Male,Sweater,Clothing,23
2371,51,Male,Shoes,Footwear,71
2372,67,Male,Socks,Clothing,25
2373,50,Male,Boots,Footwear,39
2374,37,Male,Hoodie,Clothing,20
2375,69,Male,Gloves,Accessories,73
2376,60,Male,Backpack,Accessories,63
2377,21,Male,Gloves,Accessories,94
2378,44,Male,Blouse,Clothing,94
2379,26,Male,Scarf,Accessories,71
2380,40,Male,Hat,Accessories,77
2381,41,Male,Scarf,Accessories,66
2382,62,Male,Sandals,Footwear,23
2383,39,Male,Sweater,Clothing,60
2384,53,Male,Backpack,Accessories,72
2385,24,Male,Blouse,Clothing,35
2386,41,Male,Scarf,Accessories,31
2387,19,Male,Socks,Clothing,33
2388,36,Male,Hat,Accessories,95
2389,21,Male,Dress,Clothing,68
2390,25,Male,Coat,Outerwear,87
2391,65,Male,Shirt,Clothing,64
2392,42,Male,Shirt,Clothing,74
2393,40,Male,Jeans,Clothing,62
2394,58,Male,Socks,Clothing,97
2395,40,Male,Sandals,Footwear,47
2396,62,Male,Blouse,Clothing,83
2397,38,Male,Shirt,Clothing,82
2398,37,Male,Sunglasses,Accessories,26
2399,65,Male,Jacket,Outerwear,81
2400,55,Male,Dress,Clothing,44
2401,43,Male,Sunglasses,Accessories,88
2402,43,Male,Boots,Footwear,76
2403,45,Male,Scarf,Accessories,89
2404,64,Male,Shorts,Clothing,22
2405,28,Male,Shorts,Clothing,33
2406,69,Male,Jeans,Clothing,97
2407,54,Male,Scarf,Accessories,57
2408,52,Male,Shorts,Clothing,38
2409,23,Male,Sneakers,Footwear,55
2410,26,Male,Jewelry,Accessories,37
2411,48,Male,Shoes,Footwear,43
2412,49,Male,Hoodie,Clothing,96
2413,53,Male,Jacket,Outerwear,51
2414,69,Male,Shorts,Clothing,95
2415,26,Male,Socks,Clothing,26
2416,21,Male,Coat,Outerwear,34
2417,59,Male,Sandals,Footwear,83
2418,21,Male,Backpack,Accessories,24
2419,22,Male,Pants,Clothing,69
2420,26,Male,Sweater,Clothing,40
2421,41,Male,Jacket,Outerwear,87
2422,37,Male,Sneakers,Footwear,46
2423,30,Male,Jewelry,Accessories,82
2424,49,Male,Backpack,Accessories,81
2425,49,Male,Jewelry,Accessories,57
2426,58,Male,Shoes,Footwear,49
2427,70,Male,Jacket,Outerwear,42
2428,27,Male,Jacket,Outerwear,26
2429,65,Male,T-shirt,Clothing,38
2430,57,Male,Sneakers,Footwear,57
2431,20,Male,Jacket,Outerwear,100
2432,34,Male,Hoodie,Clothing,73
2433,59,Male,Jacket,Outerwear,66
2434,54,Male,T-shirt,Clothing,73
2435,36,Male,Gloves,Accessories,45
2436,21,Male,Sneakers,Footwear,27
2437,52,Male,T-shirt,Clothing,24
2438,43,Male,Sneakers,Footwear,59
2439,32,Male,Jeans,Clothing,20
2440,55,Male,Handbag,Accessories,44
2441,31,Male,Socks,Clothing,90
2442,45,Male,Jewelry,Accessories,36
2443,53,Male,Blouse,Clothing,95
2444,24,Male,Backpack,Accessories,30
2445,47,Male,Scarf,Accessories,65
2446,63,Male,Scarf,Accessories,96
2447,38,Male,Shirt,Clothing,65
2448,59,Male,Pants,Clothing,47
2449,54,Male,Hat,Accessories,25
2450,26,Male,Coat,Outerwear,56
2451,68,Male,T-shirt,Clothing,76
2452,41,Male,Socks,Clothing,60
2453,68,Male,Shirt,Clothing,67
2454,21,Male,Sweater,Clothing,95
2455,32,Male,Gloves,Accessories,72
2456,20,Male,Belt,Accessories,98
2457,59,Male,Jeans,Clothing,83
2458,53,Male,Handbag,Accessories,37
2459,66,Male,T-shirt,Clothing,85
2460,47,Male,Socks,Clothing,36
2461,58,Male,Jeans,Clothing,36
2462,28,Male,Scarf,Accessories,86
2463,68,Male,Pants,Clothing,99
2464,60,Male,Blouse,Clothing,21
2465,47,Male,Jacket,Outerwear,84
2466,18,Male,Sandals,Footwear,63
2467,32,Male,Shorts,Clothing,84
2468,27,Male,Shorts,Clothing,72
2469,65,Male,Skirt,Clothing,21
2470,68,Male,Sandals,Footwear,92
2471,55,Male,Blouse,Clothing,72
2472,30,Male,Sandals,Footwear,83
2473,24,Male,Shirt,Clothing,73
2474,57,Male,Socks,Clothing,98
2475,23,Male,T-shirt,Clothing,76
2476,69,Male,Dress,Clothing,43
2477,60,Male,Hat,Accessories,60
2478,25,Male,Gloves,Accessories,40
2479,18,Male,Socks,Clothing,93
2480,37,Male,Dress,Clothing,98
2481,61,Male,Socks,Clothing,91
2482,41,Male,Belt,Accessories,92
2483,69,Male,Handbag,Accessories,87
2484,32,Male,Skirt,Clothing,96
2485,60,Male,Hoodie,Clothing,97
2486,43,Male,Blouse,Clothing,55
2487,61,Male,Jeans,Clothing,58
2488,57,Male,Boots,Footwear,21
2489,56,Male,Handbag,Accessories,82
2490,66,Male,Coat,Outerwear,34
2491,52,Male,Blouse,Clothing,78
2492,63,Male,Handbag,Accessories,47
2493,50,Male,Sunglasses,Accessories,96
2494,21,Male,Socks,Clothing,23
2495,42,Male,Shoes,Footwear,27
2496,40,Male,Backpack,Accessories,37
2497,67,Male,Scarf,Accessories,79
2498,35,Male,Backpack,Accessories,40
2499,18,Male,Coat,Outerwear,39
2500,52,Male,Hoodie,Clothing,73
2501,59,Male,Gloves,Accessories,84
2502,49,Male,Shorts,Clothing,94
2503,46,Male,Skirt,Clothing,47
2504,69,Male,Boots,Footwear,77
2505,56,Male,Shorts,Clothing,94
2506,27,Male,Handbag,Accessories,75
2507,57,Male,Dress,Clothing,82
2508,58,Male,Shoes,Footwear,36
2509,23,Male,Sneakers,Footwear,90
2510,19,Male,Socks,Clothing,48
2511,40,Male,Jacket,Outerwear,42
2512,54,Male,Backpack,Accessories,33
2513,50,Male,Socks,Clothing,63
2514,69,Male,Handbag,Accessories,53
2515,42,Male,Hat,Accessories,37
2516,37,Male,Blouse,Clothing,92
2517,46,Male,Shorts,Clothing,73
2518,64,Male,Shirt,Clothing,38
2519,20,Male,Boots,Footwear,51
2520,40,Male,Jacket,Outerwear,90
2521,64,Male,Jacket,Outerwear,56
2522,29,Male,Handbag,Accessories,33
2523,20,Male,Belt,Accessories,53
2524,43,Male,Handbag,Accessories,24
2525,60,Male,Coat,Outerwear,59
2526,39,Male,Sweater,Clothing,72
2527,47,Male,Shorts,Clothing,28
2528,19,Male,Pants,Clothing,36
2529,52,Male,Jewelry,Accessories,47
2530,34,Male,Gloves,Accessories,62
2531,25,Male,Skirt,Clothing,98
2532,43,Male,Sandals,Footwear,28
2533,55,Male,Socks,Clothing,86
2534,66,Male,Jewelry,Accessories,46
2535,41,Male,Sunglasses,Accessories,42
2536,47,Male,Coat,Outerwear,80
2537,51,Male,Belt,Accessories,39
2538,44,Male,Coat,Outerwear,49
2539,18,Male,Scarf,Accessories,32
2540,33,Male,Sandals,Footwear,73
2541,24,Male,Belt,Accessories,42
2542,33,Male,Scarf,Accessories,58
2543,61,Male,Jewelry,Accessories,22
2544,27,Male,Scarf,Accessories,56
2545,46,Male,Pants,Clothing,70
2546,38,Male,Shoes,Footwear,50
2547,63,Male,Boots,Footwear,21
2548,47,Male,Jacket,Outerwear,97
2549,42,Male,Backpack,Accessories,63
2550,41,Male,Jacket,Outerwear,60
2551,53,Male,Boots,Footwear,52
2552,29,Male,Shoes,Footwear,32
2553,61,Male,Belt,Accessories,48
2554,69,Male,Jewelry,Accessories,25
2555,51,Male,Jewelry,Accessories,68
2556,24,Male,Pants,Clothing,74
2557,24,Male,T-shirt,Clothing,88
2558,70,Male,Shorts,Clothing,23
2559,49,Male,Hoodie,Clothing,32
2560,48,Male,Belt,Accessories,71
2561,58,Male,Boots,Footwear,62
2562,32,Male,Hoodie,Clothing,20
2563,57,Male,Shorts,Clothing,62
2564,69,Male,Backpack,Accessories,81
2565,42,Male,Scarf,Accessories,90
2566,30,Male,Socks,Clothing,43
2567,35,Male,Handbag,Accessories,38
2568,19,Male,Sunglasses,Accessories,25
2569,52,Male,T-shirt,Clothing,98
2570,42,Male,Dress,Clothing,75
2571,36,Male,Sneakers,Footwear,27
2572,45,Male,Sunglasses,Accessories,27
2573,54,Male,Blouse,Clothing,42
2574,54,Male,T-shirt,Clothing,90
2575,27,Male,Hat,Accessories,63
2576,53,Male,Shorts,Clothing,96
2577,20,Male,Hoodie,Clothing,40
2578,52,Male,Socks,Clothing,39
2579,54,Male,Sunglasses,Accessories,48
2580,65,Male,Blouse,Clothing,20
2581,43,Male,Jeans,Clothing,29
2582,57,Male,Dress,Clothing,81
2583,19,Male,Dress,Clothing,98
2584,69,Male,Jeans,Clothing,93
2585,26,Male,Socks,Clothing,30
2586,57,Male,Sunglasses,Accessories,37
2587,20,Male,Coat,Outerwear,28
2588,55,Male,Scarf,Accessories,29
2589,44,Male,Backpack,Accessories,49
2590,52,Male,Pants,Clothing,53
2591,57,Male,Gloves,Accessories,66
2592,40,Male,Jacket,Outerwear,61
2593,23,Male,Shorts,Clothing,23
2594,36,Male,Pants,Clothing,36
2595,59,Male,Skirt,Clothing,81
2596,29,Male,Blouse,Clothing,56
2597,63,Male,Shirt,Clothing,78
2598,60,Male,Jewelry,Accessories,25
2599,64,Male,Backpack,Accessories,86
2600,63,Male,Jewelry,Accessories,99
2601,21,Male,Belt,Accessories,83
2602,61,Male,Dress,Clothing,33
2603,65,Male,Coat,Outerwear,44
2604,69,Male,Dress,Clothing,58
2605,47,Male,Sweater,Clothing,54
2606,41,Male,Hoodie,Clothing,93
2607,68,Male,Shoes,Footwear,98
2608,41,Male,Shoes,Footwear,36
2609,42,Male,Jacket,Outerwear,68
2610,66,Male,Backpack,Accessories,95
2611,66,Male,Jeans,Clothing,93
2612,33,Male,Jacket,Outerwear,99
2613,55,Male,Sunglasses,Accessories,22
2614,58,Male,Gloves,Accessories,88
2615,18,Male,Jacket,Outerwear,65
2616,49,Male,T-shirt,Clothing,62
2617,61,Male,Sandals,Footwear,55
2618,31,Male,Shorts,Clothing,97
2619,70,Male,Handbag,Accessories,77
2620,68,Male,Pants,Clothing,40
2621,27,Male,Blouse,Clothing,23
2622,48,Male,Shoes,Footwear,46
2623,63,Male,Backpack,Accessories,75
2624,49,Male,Shoes,Footwear,76
2625,19,Male,Dress,Clothing,59
2626,30,Male,Skirt,Clothing,51
2627,50,Male,Jacket,Outerwear,46
2628,66,Male,Shirt,Clothing,26
2629,25,Male,Hoodie,Clothing,51
2630,61,Male,Scarf,Accessories,44
2631,29,Male,Skirt,Clothing,82
2632,53,Male,Skirt,Clothing,44
2633,24,Male,Scarf,Accessories,27
2634,51,Male,Sunglasses,Accessories,90
2635,26,Male,Sandals,Footwear,58
2636,59,Male,Hoodie,Clothing,80
2637,41,Male,Jacket,Outerwear,40
2638,20,Male,Pants,Clothing,23
2639,22,Male,Shirt,Clothing,34
2640,18,Male,Blouse,Clothing,35
2641,30,Male,Skirt,Clothing,75
2642,25,Male,Sunglasses,Accessories,60
2643,39,Male,Belt,Accessories,87
2644,49,Male,Gloves,Accessories,41
2645,25,Male,Pants,Clothing,83
2646,23,Male,Scarf,Accessories,81
2647,33,Male,T-shirt,Clothing,56
2648,60,Male,Shoes,Footwear,58
2649,51,Male,Pants,Clothing,84
2650,23,Male,Gloves,Accessories,21
2651,20,Male,Socks,Clothing,35
2652,51,Male,Sneakers,Footwear,43
2653,23,Female,Shorts,Clothing,20
2654,67,Female,Blouse,Clothing,36
2655,23,Female,Coat,Outerwear,70
2656,26,Female,Sunglasses,Accessories,83
2657,52,Female,Shorts,Clothing,76
2658,52,Female,Dress,Clothing,81
2659,52,Female,Handbag,Accessories,47
2660,35,Female,Boots,Footwear,35
2661,24,Female,Pants,Clothing,85
2662,43,Female,Boots,Footwear,96
2663,25,Female,Skirt,Clothing,98
2664,46,Female,Sneakers,Footwear,52
2665,22,Female,Jewelry,Accessories,84
2666,70,Female,T-shirt,Clothing,71
2667,49,Female,Sandals,Footwear,95
2668,48,Female,Boots,Footwear,47
2669,59,Female,Coat,Outerwear,75
2670,39,Female,Belt,Accessories,28
2671,30,Female,Sunglasses,Accessories,44
2672,37,Female,Sandals,Footwear,64
2673,56,Female,Boots,Footwear,28
2674,67,Female,Hoodie,Clothing,21
2675,40,Female,Hat,Accessories,41
2676,24,Female,Shorts,Clothing,38
2677,43,Female,Backpack,Accessories,77
2678,45,Female,Shorts,Clothing,43
2679,33,Female,Belt,Accessories,91
2680,53,Female,Shorts,Clothing,68
2681,44,Female,Socks,Clothing,37
2682,23,Female,Shoes,Footwear,23
2683,59,Female,Sneakers,Footwear,65
2684,68,Female,Backpack,Accessories,30
2685,46,Female,Dress,Clothing,45
2686,56,Female,Boots,Footwear,25
2687,40,Female,Socks,Clothing,72
2688,61,Female,Dress,Clothing,75
2689,53,Female,Handbag,Accessories,63
2690,29,Female,Blouse,Clothing,35
2691,44,Female,Belt,Accessories,32
2692,43,Female,Pants,Clothing,25
2693,40,Female,Sneakers,Footwear,90
2694,55,Female,Boots,Footwear,70
2695,66,Female,Sunglasses,Accessories,27
2696,50,Female,Hat,Accessories,92
2697,57,Female,Coat,Outerwear,20
2698,42,Female,Jacket,Outerwear,52
2699,55,Female,Hoodie,Clothing,57
2700,25,Female,Boots,Footwear,96
2701,22,Female,T-shirt,Clothing,68
2702,49,Female,Sweater,Clothing,30
2703,70,Female,Shoes,Footwear,37
2704,56,Female,Scarf,Accessories,42
2705,52,Female,Dress,Clothing,54
2706,65,Female,Jacket,Outerwear,81
2707,24,Female,Shoes,Footwear,40
2708,32,Female,Backpack,Accessories,88
2709,57,Female,Dress,Clothing,94
2710,35,Female,Shirt,Clothing,54
2711,69,Female,Jacket,Outerwear,51
2712,30,Female,Sunglasses,Accessories,22
2713,37,Female,Jacket,Outerwear,95
2714,19,Female,Coat,Outerwear,57
2715,53,Female,Sweater,Clothing,45
2716,25,Female,Sneakers,Footwear,92
2717,47,Female,Shoes,Footwear,40
2718,18,Female,Sunglasses,Accessories,62
2719,22,Female,Shorts,Clothing,90
2720,69,Female,Hoodie,Clothing,82
2721,55,Female,Scarf,Accessories,52
2722,19,Female,Sandals,Footwear,70
2723,23,Female,Hat,Accessories,83
2724,54,Female,Shoes,Footwear,49
2725,52,Female,Sneakers,Footwear,91
2726,64,Female,Backpack,Accessories,99
2727,33,Female,Belt,Accessories,92
2728,40,Female,Shirt,Clothing,87
2729,26,Female,Skirt,Clothing,28
2730,31,Female,Gloves,Accessories,71
2731,23,Female,Gloves,Accessories,32
2732,52,Female,Handbag,Accessories,33
2733,21,Female,Socks,Clothing,75
2734,31,Female,Backpack,Accessories,83
2735,63,Female,Jeans,Clothing,93
2736,46,Female,Skirt,Clothing,29
2737,44,Female,Hoodie,Clothing,25
2738,57,Female,Jewelry,Accessories,76
2739,50,Female,Sneakers,Footwear,81
2740,33,Female,Shirt,Clothing,80
2741,19,Female,Sunglasses,Accessories,70
2742,68,Female,Dress,Clothing,81
2743,27,Female,Shoes,Footwear,86
2744,61,Female,Belt,Accessories,94
2745,38,Female,Shirt,Clothing,66
2746,28,Female,Boots,Footwear,98
2747,39,Female,Hoodie,Clothing,25
2748,18,Female,Jeans,Clothing,62
2749,24,Female,Jacket,Outerwear,98
2750,64,Female,Jacket,Outerwear,53
2751,51,Female,Sandals,Footwear,66
2752,27,Female,Dress,Clothing,52
2753,48,Female,Sweater,Clothing,64
2754,69,Female,Gloves,Accessories,59
2755,59,Female,Sunglasses,Accessories,61
2756,59,Female,Belt,Accessories,97
2757,42,Female,Hat,Accessories,23
2758,39,Female,Hat,Accessories,98
2759,32,Female,Blouse,Clothing,98
2760,68,Female,Shoes,Footwear,59
2761,41,Female,Skirt,Clothing,82
2762,31,Female,Sneakers,Footwear,82
2763,58,Female,T-shirt,Clothing,41
2764,28,Female,Handbag,Accessories,52
2765,63,Female,Sweater,Clothing,41
2766,64,Female,Gloves,Accessories,70
2767,66,Female,Dress,Clothing,91
2768,31,Female,Dress,Clothing,95
2769,55,Female,Blouse,Clothing,25
2770,32,Female,Shirt,Clothing,89
2771,50,Female,Boots,Footwear,44
2772,58,Female,Jacket,Outerwear,52
2773,18,Female,Backpack,Accessories,94
2774,39,Female,Pants,Clothing,98
2775,56,Female,Boots,Footwear,40
2776,37,Female,Socks,Clothing,25
2777,46,Female,Scarf,Accessories,62
2778,52,Female,Blouse,Clothing,24
2779,70,Female,Belt,Accessories,57
2780,61,Female,Sunglasses,Accessories,66
2781,33,Female,Boots,Footwear,70
2782,65,Female,Sandals,Footwear,39
2783,41,Female,Gloves,Accessories,34
2784,19,Female,Skirt,Clothing,38
2785,33,Female,Skirt,Clothing,70
2786,53,Female,Blouse,Clothing,80
2787,54,Female,Handbag,Accessories,51
2788,36,Female,Boots,Footwear,79
2789,56,Female,Boots,Footwear,92
2790,28,Female,Sweater,Clothing,85
2791,34,Female,Socks,Clothing,63
2792,43,Female,Gloves,Accessories,60
2793,54,Female,Shorts,Clothing,44
2794,37,Female,Boots,Footwear,57
2795,33,Female,Jacket,Outerwear,24
2796,33,Female,Scarf,Accessories,35
2797,55,Female,Jacket,Outerwear,73
2798,63,Female,Jewelry,Accessories,42
2799,52,Female,Hoodie,Clothing,20
2800,23,Female,T-shirt,Clothing,89
2801,70,Female,Shirt,Clothing,76
2802,64,Female,Shirt,Clothing,56
2803,22,Female,Coat,Outerwear,100
2804,46,Female,T-shirt,Clothing,44
2805,65,Female,Hoodie,Clothing,76
2806,18,Female,Sunglasses,Accessories,97
2807,45,Female,Blouse,Clothing,39
2808,56,Female,Hoodie,Clothing,100
2809,49,Female,Skirt,Clothing,62
2810,66,Female,Shorts,Clothing,98
2811,27,Female,Jeans,Clothing,31
2812,69,Female,Jacket,Outerwear,89
2813,66,Female,Hoodie,Clothing,91
2814,45,Female,Shirt,Clothing,50
2815,31,Female,T-shirt,Clothing,32
2816,33,Female,Blouse,Clothing,67
2817,43,Female,Skirt,Clothing,28
2818,25,Female,Backpack,Accessories,65
2819,46,Female,Shorts,Clothing,73
2820,67,Female,Shirt,Clothing,27
2821,26,Female,Backpack,Accessories,89
2822,35,Female,Shoes,Footwear,72
2823,61,Female,Skirt,Clothing,37
2824,26,Female,Dress,Clothing,63
2825,39,Female,Hat,Accessories,90
2826,69,Female,Handbag,Accessories,62
2827,32,Female,Handbag,Accessories,43
2828,20,Female,Blouse,Clothing,96
2829,25,Female,Scarf,Accessories,83
2830,56,Female,Jewelry,Accessories,67
2831,63,Female,Skirt,Clothing,90
2832,34,Female,Hoodie,Clothing,53
2833,29,Female,Scarf,Accessories,37
2834,43,Female,Jeans,Clothing,56
2835,39,Female,Jacket,Outerwear,43
2836,33,Female,T-shirt,Clothing,84
2837,51,Female,Pants,Clothing,50
2838,65,Female,Shoes,Footwear,88
2839,51,Female,Jacket,Outerwear,50
2840,70,Female,Scarf,Accessories,80
2841,40,Female,T-shirt,Clothing,47
2842,19,Female,Dress,Clothing,33
2843,28,Female,Coat,Outerwear,100
2844,51,Female,Sweater,Clothing,26
2845,32,Female,Hat,Accessories,79
2846,26,Female,Backpack,Accessories,77
2847,50,Female,Socks,Clothing,36
2848,68,Female,Jewelry,Accessories,21
2849,33,Female,Boots,Footwear,72
2850,56,Female,Coat,Outerwear,25
2851,57,Female,Sweater,Clothing,79
2852,58,Female,Blouse,Clothing,73
2853,40,Female,Belt,Accessories,71
2854,37,Female,Hat,Accessories,48
2855,36,Female,Sandals,Footwear,28
2856,29,Female,Boots,Footwear,95
2857,65,Female,Jacket,Outerwear,48
2858,44,Female,Dress,Clothing,93
2859,34,Female,Jeans,Clothing,87
2860,31,Female,Shorts,Clothing,32
2861,28,Female,Shirt,Clothing,38
2862,66,Female,Coat,Outerwear,54
2863,68,Female,Coat,Outerwear,75
2864,37,Female,T-shirt,Clothing,56
2865,58,Female,Sweater,Clothing,43
2866,28,Female,Skirt,Clothing,97
2867,54,Female,Blouse,Clothing,75
2868,21,Female,Sneakers,Footwear,55
2869,45,Female,Backpack,Accessories,49
2870,57,Female,Socks,Clothing,58
2871,47,Female,Jewelry,Accessories,34
2872,46,Female,Shorts,Clothing,43
2873,63,Female,Jewelry,Accessories,48
2874,44,Female,Sweater,Clothing,40
2875,36,Female,Shirt,Clothing,29
2876,24,Female,Pants,Clothing,81
2877,65,Female,Hoodie,Clothing,84
2878,32,Female,Socks,Clothing,46
2879,63,Female,Dress,Clothing,86
2880,62,Female,Blouse,Clothing,57
2881,19,Female,Skirt,Clothing,61
2882,38,Female,Backpack,Accessories,90
2883,59,Female,Blouse,Clothing,51
2884,22,Female,Socks,Clothing,48
2885,55,Female,Boots,Footwear,50
2886,29,Female,Backpack,Accessories,82
2887,42,Female,Hat,Accessories,33
2888,23,Female,Sandals,Footwear,28
2889,70,Female,Hoodie,Clothing,42
2890,64,Female,Sunglasses,Accessories,43
2891,39,Female,Jeans,Clothing,55
2892,47,Female,T-shirt,Clothing,73
2893,22,Female,Dress,Clothing,39
2894,69,Female,Belt,Accessories,20
2895,35,Female,Jewelry,Accessories,32
2896,56,Female,Hoodie,Clothing,86
2897,30,Female,Blouse,Clothing,91
2898,43,Female,Jacket,Outerwear,59
2899,23,Female,Sneakers,Footwear,33
2900,50,Female,Boots,Footwear,64
2901,41,Female,Blouse,Clothing,67
2902,41,Female,Blouse,Clothing,43
2903,27,Female,Boots,Footwear,32
2904,38,Female,Scarf,Accessories,39
2905,41,Female,Sandals,Footwear,41
2906,58,Female,Sunglasses,Accessories,53
2907,58,Female,Coat,Outerwear,27
2908,19,Female,Sunglasses,Accessories,82
2909,43,Female,Blouse,Clothing,87
2910,27,Female,Backpack,Accessories,78
2911,32,Female,Belt,Accessories,32
2912,28,Female,Socks,Clothing,38
2913,48,Female,Shoes,Footwear,37
2914,43,Female,Coat,Outerwear,83
2915,45,Female,Sweater,Clothing,72
2916,26,Female,Shirt,Clothing,30
2917,62,Female,Shorts,Clothing,66
2918,58,Female,Shirt,Clothing,45
2919,19,Female,Sunglasses,Accessories,73
2920,64,Female,Shoes,Footwear,67
2921,33,Female,Sunglasses,Accessories,72
2922,20,Female,Handbag,Accessories,24
2923,45,Female,Sunglasses,Accessories,68
2924,28,Female,Shirt,Clothing,70
2925,47,Female,Shirt,Clothing,64
2926,54,Female,Sweater,Clothing,91
2927,64,Female,Handbag,Accessories,82
2928,45,Female,Shirt,Clothing,24
2929,40,Female,Jewelry,Accessories,80
2930,31,Female,Socks,Clothing,53
2931,38,Female,T-shirt,Clothing,50
2932,36,Female,Jewelry,Accessories,31
2933,65,Female,Backpack,Accessories,88
2934,27,Female,Hat,Accessories,52
2935,38,Female,Gloves,Accessories,22
2936,58,Female,Sneakers,Footwear,27
2937,31,Female,Skirt,Clothing,34
2938,28,Female,Handbag,Accessories,39
2939,28,Female,Sunglasses,Accessories,53
2940,32,Female,Sweater,Clothing,46
2941,61,Female,Handbag,Accessories,85
2942,38,Female,Skirt,Clothing,86
2943,54,Female,Socks,Clothing,63
2944,29,Female,Shirt,Clothing,44
2945,50,Female,Sneakers,Footwear,95
2946,32,Female,Belt,Accessories,49
2947,38,Female,Pants,Clothing,77
2948,52,Female,Jewelry,Accessories,63
2949,61,Female,Pants,Clothing,83
2950,25,Female,Jewelry,Accessories,93
2951,22,Female,Jeans,Clothing,91
2952,47,Female,Scarf,Accessories,99
2953,50,Female,Belt,Accessories,24
2954,45,Female,Dress,Clothing,82
2955,33,Female,T-shirt,Clothing,28
2956,42,Female,Boots,Footwear,67
2957,52,Female,Dress,Clothing,88
2958,69,Female,Jewelry,Accessories,70
2959,55,Female,Skirt,Clothing,100
2960,38,Female,Handbag,Accessories,28
2961,57,Female,Coat,Outerwear,48
2962,33,Female,Hoodie,Clothing,43
2963,57,Female,Pants,Clothing,40
2964,52,Female,Boots,Footwear,97
2965,44,Female,Coat,Outerwear,25
2966,48,Female,Scarf,Accessories,45
2967,52,Female,Boots,Footwear,49
2968,34,Female,Sneakers,Footwear,36
2969,26,Female,Sweater,Clothing,48
2970,36,Female,Belt,Accessories,62
2971,24,Female,Jewelry,Accessories,74
2972,30,Female,Handbag,Accessories,100
2973,31,Female,Jacket,Outerwear,39
2974,25,Female,Boots,Footwear,65
2975,57,Female,Sneakers,Footwear,99
2976,61,Female,Scarf,Accessories,68
2977,30,Female,Coat,Outerwear,97
2978,38,Female,Shorts,Clothing,47
2979,53,Female,Shorts,Clothing,56
2980,31,Female,Jeans,Clothing,91
2981,70,Female,Gloves,Accessories,93
2982,21,Female,Pants,Clothing,36
2983,33,Female,Dress,Clothing,45
2984,60,Female,Pants,Clothing,44
2985,45,Female,Gloves,Accessories,32
2986,46,Female,Belt,Accessories,36
2987,62,Female,Belt,Accessories,85
2988,63,Female,Skirt,Clothing,36
2989,69,Female,Socks,Clothing,55
2990,46,Female,Belt,Accessories,20
2991,69,Female,Shirt,Clothing,91
2992,66,Female,Dress,Clothing,71
2993,41,Female,Socks,Clothing,64
2994,32,Female,Jacket,Outerwear,21
2995,69,Female,Sweater,Clothing,100
2996,29,Female,Jeans,Clothing,96
2997,70,Female,Jewelry,Accessories,91
2998,41,Female,Sweater,Clothing,40
2999,31,Female,Hoodie,Clothing,53
3000,31,Female,Sunglasses,Accessories,48
3001,57,Female,Sandals,Footwear,70
3002,29,Female,Coat,Outerwear,29
3003,70,Female,Belt,Accessories,29
3004,51,Female,Blouse,Clothing,53
3005,45,Female,Skirt,Clothing,79
3006,18,Female,Shorts,Clothing,65
3007,37,Female,Dress,Clothing,99
3008,23,Female,Sunglasses,Accessories,60
3009,39,Female,Shoes,Footwear,86
3010,62,Female,Belt,Accessories,73
3011,70,Female,Belt,Accessories,45
3012,20,Female,Belt,Accessories,70
3013,42,Female,Belt,Accessories,65
3014,41,Female,Skirt,Clothing,55
3015,24,Female,T-shirt,Clothing,65
3016,37,Female,Scarf,Accessories,21
3017,30,Female,Blouse,Clothing,26
3018,58,Female,Sunglasses,Accessories,71
3019,43,Female,Boots,Footwear,41
3020,19,Female,Jacket,Outerwear,44
3021,23,Female,Jeans,Clothing,81
3022,65,Female,Sunglasses,Accessories,77
3023,58,Female,Sandals,Footwear,26
3024,50,Female,Backpack,Accessories,31
3025,67,Female,Blouse,Clothing,82
3026,40,Female,Shoes,Footwear,60
3027,55,Female,Shirt,Clothing,70
3028,52,Female,Hoodie,Clothing,26
3029,62,Female,Dress,Clothing,100
3030,64,Female,Dress,Clothing,82
3031,43,Female,Sneakers,Footwear,24
3032,61,Female,Blouse,Clothing,74
3033,26,Female,Backpack,Accessories,58
3034,22,Female,Sweater,Clothing,56
3035,51,Female,Boots,Footwear,37
3036,69,Female,Handbag,Accessories,64
3037,50,Female,Hoodie,Clothing,58
3038,51,Female,Belt,Accessories,44
3039,56,Female,Jewelry,Accessories,39
3040,59,Female,Blouse,Clothing,48
3041,18,Female,Handbag,Accessories,32
3042,48,Female,Handbag,Accessories,79
3043,53,Female,Coat,Outerwear,27
3044,45,Female,Belt,Accessories,98
3045,21,Female,Boots,Footwear,67
3046,42,Female,Socks,Clothing,37
3047,60,Female,Shoes,Footwear,49
3048,21,Female,Sneakers,Footwear,74
3049,69,Female,Jewelry,Accessories,93
3050,40,Female,Handbag,Accessories,60
3051,31,Female,Coat,Outerwear,76
3052,44,Female,Sunglasses,Accessories,64
3053,48,Female,Shoes,Footwear,38
3054,32,Female,Shoes,Footwear,91
3055,42,Female,Boots,Footwear,70
3056,27,Female,Sandals,Footwear,22
3057,69,Female,Gloves,Accessories,59
3058,67,Female,Backpack,Accessories,22
3059,41,Female,Handbag,Accessories,74
3060,46,Female,Sweater,Clothing,71
3061,47,Female,Coat,Outerwear,80
3062,33,Female,T-shirt,Clothing,59
3063,51,Female,Backpack,Accessories,96
3064,26,Female,Sunglasses,Accessories,43
3065,22,Female,Belt,Accessories,76
3066,49,Female,Jacket,Outerwear,59
3067,58,Female,Skirt,Clothing,48
3068,70,Female,Belt,Accessories,22
3069,32,Female,Boots,Footwear,40
3070,62,Female,Jeans,Clothing,73
3071,52,Female,Shoes,Footwear,26
3072,23,Female,Sweater,Clothing,41
3073,26,Female,Jewelry,Accessories,98
3074,58,Female,Shirt,Clothing,63
3075,26,Female,Boots,Footwear,55
3076,54,Female,Shorts,Clothing,90
3077,66,Female,Handbag,Accessories,46
3078,60,Female,Sweater,Clothing,88
3079,32,Female,Belt,Accessories,95
3080,48,Female,Belt,Accessories,31
3081,69,Female,Hoodie,Clothing,42
3082,64,Female,Sneakers,Footwear,44
3083,56,Female,T-shirt,Clothing,99
3084,22,Female,Pants,Clothing,20
3085,46,Female,Scarf,Accessories,37
3086,24,Female,Sweater,Clothing,50
3087,47,Female,Handbag,Accessories,73
3088,62,Female,Shirt,Clothing,84
3089,34,Female,Dress,Clothing,64
3090,50,Female,Sandals,Footwear,21
3091,29,Female,Shirt,Clothing,36
3092,68,Female,Dress,Clothing,81
3093,52,Female,Sunglasses,Accessories,54
3094,29,Female,Socks,Clothing,63
3095,22,Female,Sandals,Footwear,59
3096,62,Female,Hat,Accessories,53
3097,69,Female,Shirt,Clothing,63
3098,48,Female,Shoes,Footwear,33
3099,66,Female,Pants,Clothing,64
3100,42,Female,Shirt,Clothing,98
3101,50,Female,Hat,Accessories,85
3102,32,Female,Jewelry,Accessories,82
3103,51,Female,Jacket,Outerwear,85
3104,27,Female,Shirt,Clothing,37
3105,43,Female,Pants,Clothing,56
3106,48,Female,Skirt,Clothing,33
3107,62,Female,Sandals,Footwear,57
3108,65,Female,Blouse,Clothing,31
3109,50,Female,Socks,Clothing,69
3110,60,Female,Jacket,Outerwear,92
3111,19,Female,Handbag,Accessories,46
3112,21,Female,Belt,Accessories,81
3113,19,Female,Blouse,Clothing,97
3114,46,Female,Shirt,Clothing,93
3115,21,Female,Handbag,Accessories,56
3116,26,Female,Scarf,Accessories,53
3117,50,Female,Coat,Outerwear,66
3118,43,Female,Hoodie,Clothing,50
3119,61,Female,Shorts,Clothing,97
3120,63,Female,Sandals,Footwear,79
3121,46,Female,Shirt,Clothing,76
3122,63,Female,Hoodie,Clothing,38
3123,23,Female,Socks,Clothing,45
3124,57,Female,Handbag,Accessories,77
3125,57,Female,Jewelry,Accessories,51
3126,33,Female,Coat,Outerwear,26
3127,57,Female,Sunglasses,Accessories,76
3128,55,Female,Gloves,Accessories,94
3129,65,Female,Jacket,Outerwear,32
3130,60,Female,Sandals,Footwear,20
3131,52,Female,Pants,Clothing,20
3132,34,Female,Jacket,Outerwear,59
3133,33,Female,Sweater,Clothing,97
3134,58,Female,T-shirt,Clothing,68
3135,35,Female,Boots,Footwear,66
3136,68,Female,Shoes,Footwear,85
3137,58,Female,Skirt,Clothing,32
3138,34,Female,Coat,Outerwear,44
3139,47,Female,Blouse,Clothing,95
3140,35,Female,Sunglasses,Accessories,85
3141,34,Female,Gloves,Accessories,44
3142,36,Female,Sunglasses,Accessories,30
3143,23,Female,Sneakers,Footwear,21
3144,68,Female,Hoodie,Clothing,22
3145,23,Female,Boots,Footwear,70
3146,57,Female,Handbag,Accessories,29
3147,21,Female,Shirt,Clothing,83
3148,45,Female,Sweater,Clothing,99
3149,37,Female,Shorts,Clothing,35
3150,18,Female,Belt,Accessories,40
3151,55,Female,Blouse,Clothing,25
3152,52,Female,T-shirt,Clothing,64
3153,49,Female,Belt,Accessories,90
3154,56,Female,Socks,Clothing,88
3155,27,Female,Belt,Accessories,55
3156,22,Female,Handbag,Accessories,90
3157,18,Female,Shirt,Clothing,50
3158,21,Female,Belt,Accessories,34
3159,30,Female,Jewelry,Accessories,77
3160,62,Female,Hat,Accessories,89
3161,28,Female,Backpack,Accessories,87
3162,66,Female,Dress,Clothing,77
3163,66,Female,Shoes,Footwear,85
3164,49,Female,Pants,Clothing,66
3165,40,Female,Dress,Clothing,32
3166,49,Female,Jacket,Outerwear,92
3167,19,Female,Shirt,Clothing,80
3168,24,Female,Dress,Clothing,78
3169,31,Female,Jeans,Clothing,24
3170,35,Female,T-shirt,Clothing,59
3171,65,Female,Sunglasses,Accessories,41
3172,68,Female,Jewelry,Accessories,26
3173,57,Female,Socks,Clothing,52
3174,69,Female,Skirt,Clothing,46
3175,45,Female,Pants,Clothing,52
3176,35,Female,Socks,Clothing,42
3177,36,Female,Sandals,Footwear,37
3178,55,Female,Belt,Accessories,52
3179,66,Female,Sandals,Footwear,34
3180,57,Female,Shorts,Clothing,88
3181,18,Female,Handbag,Accessories,88
3182,31,Female,Jacket,Outerwear,51
3183,50,Female,Sunglasses,Accessories,97
3184,50,Female,Sneakers,Footwear,56
3185,61,Female,Sweater,Clothing,53
3186,52,Female,Skirt,Clothing,71
3187,38,Female,Jewelry,Accessories,93
3188,67,Female,Blouse,Clothing,72
3189,42,Female,Blouse,Clothing,59
3190,25,Female,Boots,Footwear,87
3191,41,Female,Jeans,Clothing,78
3192,62,Female,Hoodie,Clothing,68
3193,19,Female,Sweater,Clothing,76
3194,63,Female,Gloves,Accessories,99
3195,43,Female,Sneakers,Footwear,52
3196,68,Female,Sunglasses,Accessories,58
3197,24,Female,Belt,Accessories,59
3198,27,Female,Sweater,Clothing,71
3199,61,Female,Gloves,Accessories,94
3200,59,Female,Handbag,Accessories,40
3201,67,Female,Socks,Clothing,24
3202,46,Female,Pants,Clothing,38
3203,65,Female,Scarf,Accessories,37
3204,63,Female,Coat,Outerwear,29
3205,57,Female,Jacket,Outerwear,92
3206,40,Female,Hoodie,Clothing,24
3207,36,Female,Boots,Footwear,52
3208,67,Female,Socks,Clothing,29
3209,61,Female,Jewelry,Accessories,30
3210,64,Female,Shoes,Footwear,31
3211,30,Female,Socks,Clothing,67
3212,53,Female,Pants,Clothing,65
3213,27,Female,Sneakers,Footwear,22
3214,27,Female,Sunglasses,Accessories,56
3215,53,Female,Skirt,Clothing,78
3216,34,Female,Coat,Outerwear,90
3217,39,Female,Hoodie,Clothing,85
3218,44,Female,Sunglasses,Accessories,58
3219,37,Female,Skirt,Clothing,34
3220,57,Female,Coat,Outerwear,40
3221,38,Female,Handbag,Accessories,29
3222,21,Female,T-shirt,Clothing,76
3223,45,Female,Sunglasses,Accessories,84
3224,68,Female,Shirt,Clothing,65
3225,37,Female,Hoodie,Clothing,80
3226,53,Female,Blouse,Clothing,98
3227,57,Female,Sneakers,Footwear,71
3228,28,Female,Scarf,Accessories,69
3229,37,Female,Jewelry,Accessories,95
3230,54,Female,Pants,Clothing,67
3231,49,Female,Sneakers,Footwear,49
3232,62,Female,Shoes,Footwear,97
3233,45,Female,T-shirt,Clothing,34
3234,45,Female,Belt,Accessories,74
3235,49,Female,Jewelry,Accessories,96
3236,27,Female,Belt,Accessories,68
3237,63,Female,Belt,Accessories,84
3238,61,Female,T-shirt,Clothing,57
3239,25,Female,Sneakers,Footwear,84
3240,33,Female,Sunglasses,Accessories,32
3241,56,Female,Sandals,Footwear,37
3242,50,Female,Handbag,Accessories,58
3243,45,Female,Socks,Clothing,74
3244,45,Female,Hoodie,Clothing,99
3245,65,Female,Sweater,Clothing,81
3246,63,Female,Pants,Clothing,76
3247,70,Female,Sneakers,Footwear,98
3248,53,Female,Gloves,Accessories,91
3249,22,Female,T-shirt,Clothing,79
3250,26,Female,Backpack,Accessories,83
3251,23,Female,Coat,Outerwear,90
3252,25,Female,Coat,Outerwear,20
3253,69,Female,Sandals,Footwear,21
3254,36,Female,Backpack,Accessories,60
3255,21,Female,Sweater,Clothing,31
3256,57,Female,Shorts,Clothing,40
3257,60,Female,Sunglasses,Accessories,26
3258,44,Female,Shirt,Clothing,98
3259,31,Female,Shoes,Footwear,51
3260,57,Female,Hat,Accessories,95
3261,39,Female,Scarf,Accessories,36
3262,48,Female,Belt,Accessories,52
3263,42,Female,T-shirt,Clothing,35
3264,56,Female,Shorts,Clothing,68
3265,28,Female,Pants,Clothing,50
3266,40,Female,Sunglasses,Accessories,100
3267,49,Female,Coat,Outerwear,74
3268,37,Female,Hoodie,Clothing,45
3269,22,Female,Dress,Clothing,97
3270,27,Female,Blouse,Clothing,60
3271,59,Female,Socks,Clothing,25
3272,35,Female,Socks,Clothing,55
3273,58,Female,Shoes,Footwear,99
3274,58,Female,Belt,Accessories,45
3275,46,Female,Sweater,Clothing,20
3276,43,Female,Pants,Clothing,88
3277,39,Female,Scarf,Accessories,99
3278,59,Female,Skirt,Clothing,86
3279,59,Female,Dress,Clothing,70
3280,59,Female,Hat,Accessories,50
3281,45,Female,Handbag,Accessories,57
3282,27,Female,Pants,Clothing,69
3283,24,Female,T-shirt,Clothing,94
3284,47,Female,Jacket,Outerwear,24
3285,70,Female,Scarf,Accessories,79
3286,58,Female,Hat,Accessories,31
3287,45,Female,Jacket,Outerwear,67
3288,24,Female,Skirt,Clothing,63
3289,67,Female,Handbag,Accessories,61
3290,31,Female,Backpack,Accessories,50
3291,52,Female,Coat,Outerwear,82
3292,29,Female,Belt,Accessories,51
3293,62,Female,Handbag,Accessories,23
3294,19,Female,Coat,Outerwear,91
3295,62,Female,Sweater,Clothing,60
3296,70,Female,Blouse,Clothing,34
3297,20,Female,Blouse,Clothing,23
3298,67,Female,Belt,Accessories,82
3299,65,Female,Jacket,Outerwear,73
3300,45,Female,Shorts,Clothing,32
3301,26,Female,Hat,Accessories,80
3302,36,Female,Pants,Clothing,58
3303,36,Female,Blouse,Clothing,82
3304,20,Female,Belt,Accessories,60
3305,30,Female,Handbag,Accessories,79
3306,34,Female,Hoodie,Clothing,41
3307,63,Female,Jacket,Outerwear,39
3308,18,Female,Scarf,Accessories,36
3309,55,Female,Jeans,Clothing,70
3310,48,Female,Handbag,Accessories,47
3311,45,Female,Jacket,Outerwear,27
3312,29,Female,Hat,Accessories,52
3313,55,Female,Sneakers,Footwear,75
3314,55,Female,Hat,Accessories,30
3315,55,Female,Socks,Clothing,94
3316,48,Female,Scarf,Accessories,68
3317,42,Female,Socks,Clothing,45
3318,21,Female,Hat,Accessories,67
3319,45,Female,Jacket,Outerwear,46
3320,23,Female,Shorts,Clothing,31
3321,66,Female,Blouse,Clothing,44
3322,32,Female,Coat,Outerwear,100
3323,52,Female,Sweater,Clothing,92
3324,54,Female,Handbag,Accessories,78
3325,37,Female,T-shirt,Clothing,32
3326,29,Female,Sandals,Footwear,97
3327,47,Female,Gloves,Accessories,95
3328,47,Female,Shorts,Clothing,64
3329,42,Female,Sandals,Footwear,35
3330,34,Female,Backpack,Accessories,54
3331,38,Female,Sneakers,Footwear,96
3332,55,Female,Sunglasses,Accessories,58
3333,27,Female,T-shirt,Clothing,23
3334,55,Female,Jeans,Clothing,35
3335,66,Female,Shirt,Clothing,23
3336,44,Female,Hat,Accessories,94
3337,39,Female,Blouse,Clothing,45
3338,23,Female,Jacket,Outerwear,23
3339,29,Female,Skirt,Clothing,94
3340,20,Female,Gloves,Accessories,99
3341,42,Female,T-shirt,Clothing,36
3342,55,Female,Jacket,Outerwear,50
3343,66,Female,Jacket,Outerwear,81
3344,24,Female,Shorts,Clothing,31
3345,62,Female,Hat,Accessories,48
3346,28,Female,Handbag,Accessories,91
3347,30,Female,Jeans,Clothing,99
3348,22,Female,Shoes,Footwear,70
3349,28,Female,T-shirt,Clothing,74
3350,35,Female,Jewelry,Accessories,79
3351,45,Female,Handbag,Accessories,33
3352,43,Female,Shirt,Clothing,49
3353,55,Female,Belt,Accessories,96
3354,31,Female,Dress,Clothing,66
3355,42,Female,Skirt,Clothing,45
3356,40,Female,Blouse,Clothing,28
3357,39,Female,Jeans,Clothing,48
3358,41,Female,Hoodie,Clothing,67
3359,56,Female,T-shirt,Clothing,59
3360,43,Female,Sunglasses,Accessories,74
3361,22,Female,Jacket,Outerwear,81
3362,47,Female,Shoes,Footwear,26
3363,50,Female,Handbag,Accessories,61
3364,58,Female,Sweater,Clothing,23
3365,50,Female,Scarf,Accessories,33
3366,43,Female,Skirt,Clothing,58
3367,38,Female,Gloves,Accessories,65
3368,44,Female,T-shirt,Clothing,48
3369,30,Female,Sandals,Footwear,25
3370,47,Female,Sweater,Clothing,51
3371,30,Female,Belt,Accessories,31
3372,49,Female,Hoodie,Clothing,99
3373,56,Female,Socks,Clothing,25
3374,70,Female,Sandals,Footwear,52
3375,22,Female,Blouse,Clothing,47
3376,51,Female,Boots,Footwear,98
3377,22,Female,Hat,Accessories,46
3378,37,Female,Shirt,Clothing,32
3379,49,Female,Shorts,Clothing,75
3380,61,Female,Handbag,Accessories,51
3381,41,Female,Dress,Clothing,52
3382,57,Female,Hat,Accessories,66
3383,34,Female,Sweater,Clothing,35
3384,27,Female,Coat,Outerwear,43
3385,39,Female,Hoodie,Clothing,24
3386,62,Female,Jewelry,Accessories,83
3387,34,Female,T-shirt,Clothing,62
3388,53,Female,Pants,Clothing,78
3389,35,Female,Sweater,Clothing,61
3390,38,Female,Pants,Clothing,57
3391,32,Female,Socks,Clothing,70
3392,47,Female,Hoodie,Clothing,57
3393,53,Female,Scarf,Accessories,74
3394,60,Female,Dress,Clothing,90
3395,31,Female,Sandals,Footwear,98
3396,44,Female,Dress,Clothing,43
3397,29,Female,Pants,Clothing,37
3398,19,Female,Blouse,Clothing,38
3399,54,Female,Jeans,Clothing,60
3400,40,Female,Pants,Clothing,55
3401,39,Female,Sunglasses,Accessories,51
3402,44,Female,Backpack,Accessories,71
3403,22,Female,Hoodie,Clothing,61
3404,30,Female,Boots,Footwear,65
3405,69,Female,Gloves,Accessories,34
3406,28,Female,Blouse,Clothing,87
3407,57,Female,Sweater,Clothing,79
3408,46,Female,Dress,Clothing,46
3409,48,Female,Socks,Clothing,72
3410,24,Female,Shirt,Clothing,93
3411,50,Female,Sandals,Footwear,76
3412,29,Female,Shoes,Footwear,56
3413,61,Female,Sandals,Footwear,83
3414,34,Female,Gloves,Accessories,90
3415,27,Female,Boots,Footwear,94
3416,38,Female,Blouse,Clothing,68
3417,25,Female,Sandals,Footwear,53
3418,54,Female,Coat,Outerwear,35
3419,53,Female,Jacket,Outerwear,30
3420,23,Female,Jewelry,Accessories,26
3421,19,Female,Hat,Accessories,60
3422,57,Female,Shoes,Footwear,30
3423,19,Female,Coat,Outerwear,91
3424,33,Female,Boots,Footwear,71
3425,33,Female,Scarf,Accessories,64
3426,38,Female,Hat,Accessories,54
3427,47,Female,Socks,Clothing,35
3428,39,Female,T-shirt,Clothing,38
3429,32,Female,Jewelry,Accessories,69
3430,27,Female,Skirt,Clothing,96
3431,67,Female,Socks,Clothing,73
3432,46,Female,Belt,Accessories,49
3433,36,Female,Boots,Footwear,44
3434,62,Female,Socks,Clothing,93
3435,31,Female,Pants,Clothing,72
3436,68,Female,Socks,Clothing,91
3437,57,Female,Belt,Accessories,83
3438,22,Female,Jacket,Outerwear,62
3439,26,Female,Shirt,Clothing,71
3440,43,Female,Gloves,Accessories,93
3441,45,Female,Handbag,Accessories,63
3442,64,Female,Sweater,Clothing,96
3443,28,Female,Skirt,Clothing,78
3444,47,Female,Dress,Clothing,24
3445,53,Female,Pants,Clothing,63
3446,42,Female,Hat,Accessories,58
3447,51,Female,Boots,Footwear,55
3448,62,Female,Sandals,Footwear,58
3449,18,Female,Coat,Outerwear,28
3450,48,Female,Blouse,Clothing,37
3451,20,Female,Shorts,Clothing,78
3452,32,Female,Blouse,Clothing,73
3453,26,Female,Jacket,Outerwear,20
3454,31,Female,Shirt,Clothing,60
3455,55,Female,Handbag,Accessories,71
3456,49,Female,T-shirt,Clothing,89
3457,42,Female,Hoodie,Clothing,53
3458,64,Female,Jewelry,Accessories,87
3459,68,Female,Jewelry,Accessories,37
3460,68,Female,Hoodie,Clothing,37
3461,41,Female,Scarf,Accessories,78
3462,51,Female,Shoes,Footwear,23
3463,44,Female,Jeans,Clothing,73
3464,27,Female,Jewelry,Accessories,27
3465,36,Female,Coat,Outerwear,59
3466,19,Female,Backpack,Accessories,53
3467,49,Female,Socks,Clothing,42
3468,18,Female,Scarf,Accessories,45
3469,36,Female,Sunglasses,Accessories,89
3470,36,Female,Socks,Clothing,85
3471,19,Female,Coat,Outerwear,69
3472,43,Female,Sandals,Footwear,66
3473,31,Female,Blouse,Clothing,42
3474,63,Female,Dress,Clothing,40
3475,41,Female,Pants,Clothing,82
3476,48,Female,Sneakers,Footwear,88
3477,68,Female,Boots,Footwear,99
3478,53,Female,Handbag,Accessories,85
3479,36,Female,Handbag,Accessories,57
3480,46,Female,Sweater,Clothing,56
3481,21,Female,Sandals,Footwear,79
3482,52,Female,Socks,Clothing,67
3483,66,Female,Gloves,Accessories,61
3484,19,Female,Hoodie,Clothing,37
3485,44,Female,Dress,Clothing,75
3486,50,Female,Shirt,Clothing,21
3487,51,Female,Shorts,Clothing,89
3488,25,Female,Sandals,Footwear,24
3489,62,Female,Sweater,Clothing,27
3490,48,Female,Dress,Clothing,26
3491,62,Female,Boots,Footwear,82
3492,22,Female,Pants,Clothing,28
3493,48,Female,Gloves,Accessories,65
3494,48,Female,Pants,Clothing,82
3495,62,Female,Scarf,Accessories,38
3496,24,Female,Shorts,Clothing,33
3497,39,Female,Shoes,Footwear,38
3498,35,Female,Handbag,Accessories,48
3499,47,Female,Sandals,Footwear,35
3500,22,Female,Socks,Clothing,29
3501,38,Female,Shirt,Clothing,48
3502,53,Female,Shoes,Footwear,87
3503,31,Female,Backpack,Accessories,62
3504,31,Female,Shirt,Clothing,96
3505,65,Female,Handbag,Accessories,41
3506,48,Female,Jewelry,Accessories,42
3507,18,Female,Shirt,Clothing,57
3508,46,Female,Handbag,Accessories,65
3509,52,Female,Pants,Clothing,54
3510,50,Female,T-shirt,Clothing,22
3511,49,Female,Sneakers,Footwear,96
3512,69,Female,Jewelry,Accessories,81
3513,36,Female,Shirt,Clothing,46
3514,30,Female,Blouse,Clothing,74
3515,25,Female,Sneakers,Footwear,50
3516,19,Female,Dress,Clothing,80
3517,34,Female,Boots,Footwear,56
3518,29,Female,Skirt,Clothing,69
3519,50,Female,Shirt,Clothing,97
3520,31,Female,Shorts,Clothing,66
3521,41,Female,Hat,Accessories,70
3522,52,Female,Shoes,Footwear,50
3523,27,Female,Pants,Clothing,85
3524,49,Female,Backpack,Accessories,59
3525,69,Female,Pants,Clothing,74
3526,45,Female,Sunglasses,Accessories,38
3527,20,Female,Sweater,Clothing,99
3528,25,Female,Blouse,Clothing,97
3529,38,Female,Scarf,Accessories,67
3530,55,Female,T-shirt,Clothing,20
3531,62,Female,Sunglasses,Accessories,45
3532,54,Female,Shoes,Footwear,52
3533,61,Female,Pants,Clothing,68
3534,50,Female,Sneakers,Footwear,98
3535,65,Female,Shoes,Footwear,83
3536,68,Female,Shorts,Clothing,51
3537,55,Female,Handbag,Accessories,21
3538,57,Female,Handbag,Accessories,92
3539,56,Female,Shoes,Footwear,63
3540,29,Female,Jewelry,Accessories,56
3541,24,Female,Shorts,Clothing,95
3542,59,Female,Blouse,Clothing,66
3543,62,Female,Coat,Outerwear,28
3544,58,Female,Hat,Accessories,83
3545,64,Female,Socks,Clothing,55
3546,48,Female,Sandals,Footwear,28
3547,60,Female,Scarf,Accessories,79
3548,52,Female,Scarf,Accessories,31
3549,63,Female,Blouse,Clothing,37
3550,44,Female,T-shirt,Clothing,34
3551,63,Female,Shoes,Footwear,74
3552,66,Female,Gloves,Accessories,31
3553,22,Female,Sunglasses,Accessories,66
3554,62,Female,Shoes,Footwear,99
3555,39,Female,Dress,Clothing,55
3556,25,Female,Blouse,Clothing,23
3557,70,Female,Sweater,Clothing,88
3558,52,Female,Jacket,Outerwear,26
3559,68,Female,Backpack,Accessories,94
3560,18,Female,Shorts,Clothing,25
3561,18,Female,Socks,Clothing,96
3562,63,Female,Sneakers,Footwear,29
3563,47,Female,Sneakers,Footwear,36
3564,43,Female,Blouse,Clothing,90
3565,60,Female,Gloves,Accessories,38
3566,49,Female,Handbag,Accessories,52
3567,28,Female,Jeans,Clothing,88
3568,32,Female,Scarf,Accessories,56
3569,29,Female,Sandals,Footwear,71
3570,35,Female,Sandals,Footwear,94
3571,23,Female,Dress,Clothing,97
3572,70,Female,Skirt,Clothing,27
3573,23,Female,Shorts,Clothing,28
3574,43,Female,Jeans,Clothing,67
3575,29,Female,Socks,Clothing,70
3576,61,Female,Coat,Outerwear,95
3577,29,Female,Boots,Footwear,24
3578,66,Female,Belt,Accessories,35
3579,46,Female,Shoes,Footwear,22
3580,34,Female,Scarf,Accessories,66
3581,51,Female,Blouse,Clothing,83
3582,26,Female,Dress,Clothing,95
3583,23,Female,Shorts,Clothing,41
3584,52,Female,Blouse,Clothing,77
3585,39,Female,Sneakers,Footwear,52
3586,39,Female,Gloves,Accessories,41
3587,33,Female,Hoodie,Clothing,28
3588,33,Female,Sweater,Clothing,90
3589,23,Female,Sunglasses,Accessories,55
3590,31,Female,Belt,Accessories,73
3591,27,Female,Dress,Clothing,87
3592,48,Female,Jacket,Outerwear,89
3593,61,Female,Boots,Footwear,82
3594,63,Female,Sandals,Footwear,80
3595,19,Female,Scarf,Accessories,87
3596,21,Female,Blouse,Clothing,41
3597,28,Female,Hoodie,Clothing,83
3598,29,Female,Sunglasses,Accessories,71
3599,23,Female,Hoodie,Clothing,76
3600,37,Female,Scarf,Accessories,34
3601,67,Female,Dress,Clothing,81
3602,34,Female,T-shirt,Clothing,47
3603,58,Female,Skirt,Clothing,36
3604,45,Female,Jeans,Clothing,51
3605,63,Female,Hoodie,Clothing,86
3606,68,Female,Jeans,Clothing,41
3607,41,Female,Sandals,Footwear,90
3608,50,Female,Hat,Accessories,93
3609,24,Female,Gloves,Accessories,56
3610,21,Female,Socks,Clothing,39
3611,18,Female,Jacket,Outerwear,86
3612,63,Female,T-shirt,Clothing,82
3613,47,Female,Sandals,Footwear,29
3614,58,Female,Hat,Accessories,27
3615,46,Female,Gloves,Accessories,25
3616,35,Female,Dress,Clothing,31
3617,42,Female,Hoodie,Clothing,23
3618,48,Female,Belt,Accessories,47
3619,28,Female,Gloves,Accessories,67
3620,44,Female,Scarf,Accessories,75
3621,60,Female,Sandals,Footwear,82
3622,38,Female,Sneakers,Footwear,32
3623,46,Female,Dress,Clothing,41
3624,39,Female,Jewelry,Accessories,89
3625,22,Female,Hat,Accessories,82
3626,44,Female,Scarf,Accessories,99
3627,69,Female,Blouse,Clothing,98
3628,39,Female,Belt,Accessories,54
3629,53,Female,Blouse,Clothing,88
3630,52,Female,T-shirt,Clothing,43
3631,65,Female,Hat,Accessories,73
3632,48,Female,Hat,Accessories,50
3633,27,Female,Sneakers,Footwear,73
3634,39,Female,Gloves,Accessories,51
3635,59,Female,Socks,Clothing,22
3636,52,Female,Sandals,Footwear,32
3637,50,Female,Sandals,Footwear,38
3638,32,Female,Boots,Footwear,66
3639,40,Female,Backpack,Accessories,20
3640,26,Female,Coat,Outerwear,44
3641,47,Female,Sunglasses,Accessories,31
3642,51,Female,Jacket,Outerwear,45
3643,47,Female,Dress,Clothing,71
3644,53,Female,Scarf,Accessories,96
3645,35,Female,Blouse,Clothing,32
3646,38,Female,Backpack,Accessories,90
3647,69,Female,Jewelry,Accessories,68
3648,47,Female,Shorts,Clothing,45
3649,31,Female,Skirt,Clothing,67
3650,68,Female,Skirt,Clothing,57
3651,51,Female,Jeans,Clothing,60
3652,20,Female,Handbag,Accessories,32
3653,27,Female,Handbag,Accessories,29
3654,67,Female,Coat,Outerwear,20
3655,21,Female,Jewelry,Accessories,98
3656,20,Female,Sweater,Clothing,27
3657,35,Female,Jacket,Outerwear,67
3658,58,Female,Shoes,Footwear,82
3659,28,Female,T-shirt,Clothing,72
3660,27,Female,Sandals,Footwear,77
3661,19,Female,Shoes,Footwear,74
3662,63,Female,Sandals,Footwear,39
3663,69,Female,Shorts,Clothing,80
3664,65,Female,Backpack,Accessories,59
3665,63,Female,Jacket,Outerwear,68
3666,28,Female,Socks,Clothing,77
3667,67,Female,Jewelry,Accessories,50
3668,51,Female,Pants,Clothing,45
3669,59,Female,Blouse,Clothing,71
3670,25,Female,Socks,Clothing,52
3671,31,Female,Shoes,Footwear,50
3672,62,Female,Handbag,Accessories,66
3673,51,Female,Sandals,Footwear,81
3674,32,Female,Socks,Clothing,28
3675,35,Female,Handbag,Accessories,65
3676,70,Female,Hat,Accessories,80
3677,19,Female,Jewelry,Accessories,94
3678,32,Female,Backpack,Accessories,30
3679,56,Female,Shirt,Clothing,45
3680,53,Female,Coat,Outerwear,91
3681,22,Female,Sunglasses,Accessories,36
3682,26,Female,Gloves,Accessories,73
3683,42,Female,Shirt,Clothing,60
3684,30,Female,Socks,Clothing,77
3685,29,Female,Skirt,Clothing,86
3686,47,Female,Shorts,Clothing,42
3687,59,Female,Sandals,Footwear,70
3688,34,Female,Shirt,Clothing,44
3689,52,Female,Sunglasses,Accessories,91
3690,47,Female,Jewelry,Accessories,30
3691,24,Female,Blouse,Clothing,23
3692,63,Female,Sandals,Footwear,21
3693,59,Female,Coat,Outerwear,34
3694,66,Female,Blouse,Clothing,46
3695,45,Female,Sweater,Clothing,41
3696,38,Female,Skirt,Clothing,33
3697,63,Female,Blouse,Clothing,48
3698,55,Female,Hoodie,Clothing,66
3699,25,Female,Skirt,Clothing,54
3700,51,Female,Backpack,Accessories,55
3701,28,Female,Handbag,Accessories,84
3702,46,Female,Sandals,Footwear,66
3703,58,Female,Shoes,Footwear,65
3704,30,Female,Sandals,Footwear,83
3705,68,Female,Sunglasses,Accessories,61
3706,28,Female,Skirt,Clothing,65
3707,26,Female,Sandals,Footwear,55
3708,35,Female,Gloves,Accessories,79
3709,40,Female,Hoodie,Clothing,96
3710,31,Female,Socks,Clothing,43
3711,60,Female,Jewelry,Accessories,40
3712,69,Female,Hat,Accessories,62
3713,51,Female,Blouse,Clothing,72
3714,49,Female,Shoes,Footwear,87
3715,18,Female,Hat,Accessories,31
3716,63,Female,Sunglasses,Accessories,34
3717,57,Female,Shirt,Clothing,53
3718,45,Female,T-shirt,Clothing,85
3719,36,Female,Pants,Clothing,50
3720,20,Female,Pants,Clothing,91
3721,21,Female,Hat,Accessories,56
3722,62,Female,Coat,Outerwear,60
3723,23,Female,Jacket,Outerwear,34
3724,26,Female,Sandals,Footwear,30
3725,30,Female,Gloves,Accessories,71
3726,18,Female,Dress,Clothing,100
3727,47,Female,Belt,Accessories,85
3728,41,Female,Socks,Clothing,83
3729,62,Female,Jacket,Outerwear,31
3730,28,Female,Boots,Footwear,82
3731,46,Female,Shirt,Clothing,79
3732,54,Female,Hat,Accessories,62
3733,36,Female,Shoes,Footwear,92
3734,25,Female,Socks,Clothing,58
3735,38,Female,Hoodie,Clothing,88
3736,38,Female,Sandals,Footwear,44
3737,42,Female,Jeans,Clothing,56
3738,19,Female,Jewelry,Accessories,23
3739,34,Female,Shorts,Clothing,45
3740,38,Female,Sunglasses,Accessories,31
3741,42,Female,Pants,Clothing,96
3742,58,Female,Shirt,Clothing,96
3743,56,Female,Shirt,Clothing,80
3744,62,Female,Pants,Clothing,28
3745,24,Female,Hoodie,Clothing,51
3746,60,Female,Socks,Clothing,41
3747,53,Female,Coat,Outerwear,99
3748,26,Female,Sweater,Clothing,53
3749,34,Female,Backpack,Accessories,25
3750,24,Female,Blouse,Clothing,95
3751,42,Female,Hoodie,Clothing,88
3752,36,Female,Jewelry,Accessories,97
3753,24,Female,Coat,Outerwear,81
3754,39,Female,Sunglasses,Accessories,26
3755,46,Female,Shoes,Footwear,41
3756,64,Female,Skirt,Clothing,93
3757,64,Female,Skirt,Clothing,69
3758,61,Female,Skirt,Clothing,44
3759,61,Female,Sandals,Footwear,54
3760,44,Female,Sneakers,Footwear,61
3761,65,Female,Socks,Clothing,80
3762,60,Female,Backpack,Accessories,30
3763,65,Female,Shorts,Clothing,94
3764,27,Female,Shirt,Clothing,24
3765,36,Female,Socks,Clothing,21
3766,22,Female,Jewelry,Accessories,52
3767,62,Female,Handbag,Accessories,59
3768,59,Female,Shorts,Clothing,51
3769,50,Female,Sweater,Clothing,35
3770,51,Female,Gloves,Accessories,87
3771,23,Female,Pants,Clothing,42
3772,21,Female,T-shirt,Clothing,86
3773,44,Female,Pants,Clothing,26
3774,25,Female,Sweater,Clothing,60
3775,57,Female,Gloves,Accessories,83
3776,41,Female,Belt,Accessories,63
3777,19,Female,Sneakers,Footwear,25
3778,43,Female,Shorts,Clothing,65
3779,25,Female,Sneakers,Footwear,60
3780,60,Female,Jeans,Clothing,75
3781,54,Female,Sneakers,Footwear,57
3782,52,Female,Boots,Footwear,99
3783,40,Female,Jacket,Outerwear,45
3784,39,Female,Gloves,Accessories,66
3785,54,Female,Socks,Clothing,53
3786,64,Female,Jeans,Clothing,94
3787,31,Female,Boots,Footwear,47
3788,37,Female,Blouse,Clothing,80
3789,43,Female,Hat,Accessories,65
3790,56,Female,Shirt,Clothing,75
3791,27,Female,Handbag,Accessories,45
3792,40,Female,Sunglasses,Accessories,51
3793,43,Female,Scarf,Accessories,58
3794,62,Female,Sunglasses,Accessories,20
3795,44,Female,Scarf,Accessories,82
3796,45,Female,Gloves,Accessories,92
3797,40,Female,Shorts,Clothing,81
3798,68,Female,Sunglasses,Accessories,44
3799,63,Female,Jewelry,Accessories,72
3800,60,Female,Jacket,Outerwear,26
3801,19,Female,Sweater,Clothing,26
3802,26,Female,Blouse,Clothing,84
3803,70,Female,Scarf,Accessories,72
3804,48,Female,Handbag,Accessories,55
3805,37,Female,Hat,Accessories,77
3806,48,Female,Scarf,Accessories,57
3807,18,Female,Boots,Footwear,71
3808,38,Female,Blouse,Clothing,39
3809,33,Female,Socks,Clothing,28
3810,57,Female,Shoes,Footwear,33
3811,46,Female,Skirt,Clothing,79
3812,46,Female,Belt,Accessories,30
3813,50,Female,Skirt,Clothing,75
3814,61,Female,Pants,Clothing,89
3815,45,Female,Dress,Clothing,95
3816,32,Female,Hat,Accessories,44
3817,29,Female,Coat,Outerwear,86
3818,66,Female,Scarf,Accessories,91
3819,70,Female,Sneakers,Footwear,41
3820,36,Female,Pants,Clothing,99
3821,34,Female,Belt,Accessories,65
3822,20,Female,Sneakers,Footwear,48
3823,70,Female,Hat,Accessories,41
3824,50,Female,Shirt,Clothing,42
3825,54,Female,Shorts,Clothing,26
3826,49,Female,Shorts,Clothing,35
3827,50,Female,Jacket,Outerwear,31
3828,62,Female,Jewelry,Accessories,73
3829,42,Female,Blouse,Clothing,82
3830,69,Female,Pants,Clothing,32
3831,22,Female,Hat,Accessories,27
3832,36,Female,Backpack,Accessories,86
3833,64,Female,Boots,Footwear,38
3834,44,Female,Jacket,Outerwear,93
3835,43,Female,Hoodie,Clothing,59
3836,58,Female,Sandals,Footwear,58
3837,62,Female,Skirt,Clothing,84
3838,45,Female,Hoodie,Clothing,100
3839,47,Female,Dress,Clothing,25
3840,66,Female,Sandals,Footwear,29
3841,30,Female,Jeans,Clothing,42
3842,68,Female,Jeans,Clothing,57
3843,35,Female,Jacket,Outerwear,84
3844,64,Female,Hat,Accessories,71
3845,30,Female,Shorts,Clothing,87
3846,58,Female,Sweater,Clothing,52
3847,57,Female,Blouse,Clothing,58
3848,60,Female,Sweater,Clothing,34
3849,22,Female,Jewelry,Accessories,60
3850,46,Female,Hoodie,Clothing,68
3851,27,Female,Jewelry,Accessories,74
3852,50,Female,Scarf,Accessories,83
3853,65,Female,Hat,Accessories,79
3854,61,Female,Sunglasses,Accessories,76
3855,57,Female,T-shirt,Clothing,20
3856,40,Female,Shirt,Clothing,61
3857,39,Female,Sandals,Footwear,78
3858,42,Female,Hat,Accessories,21
3859,30,Female,T-shirt,Clothing,77
3860,65,Female,Shorts,Clothing,88
3861,57,Female,Sunglasses,Accessories,64
3862,64,Female,Jacket,Outerwear,57
3863,56,Female,Shirt,Clothing,49
3864,40,Female,Scarf,Accessories,35
3865,55,Female,T-shirt,Clothing,99
3866,25,Female,Shorts,Clothing,42
3867,58,Female,Hat,Accessories,32
3868,46,Female,Jacket,Outerwear,21
3869,18,Female,Dress,Clothing,29
3870,26,Female,Coat,Outerwear,64
3871,61,Female,Sandals,Footwear,46
3872,55,Female,T-shirt,Clothing,97
3873,41,Female,Jacket,Outerwear,94
3874,42,Female,Sandals,Footwear,43
3875,70,Female,Sweater,Clothing,54
3876,63,Female,Hat,Accessories,51
3877,60,Female,Shoes,Footwear,85
3878,28,Female,Hoodie,Clothing,96
3879,60,Female,Hat,Accessories,42
3880,26,Female,Skirt,Clothing,63
3881,42,Female,Shirt,Clothing,20
3882,56,Female,Scarf,Accessories,25
3883,35,Female,Pants,Clothing,95
3884,34,Female,Hat,Accessories,38
3885,47,Female,Sandals,Footwear,29
3886,49,Female,Socks,Clothing,64
3887,37,Female,Jewelry,Accessories,92
3888,40,Female,Shirt,Clothing,34
3889,45,Female,Sneakers,Footwear,69
3890,57,Female,Dress,Clothing,65
3891,35,Female,Shirt,Clothing,81
3892,36,Female,Dress,Clothing,30
3893,35,Female,Jewelry,Accessories,86
3894,21,Female,Hat,Accessories,64
3895,66,Female,Skirt,Clothing,78
3896,40,Female,Hoodie,Clothing,28
3897,52,Female,Backpack,Accessories,49
3898,46,Female,Belt,Accessories,33
3899,44,Female,Shoes,Footwear,77
3900,52,Female,Handbag,Accessories,81
